shipment_id,origin,destination,route_type,material,quantity_tonnes,distance_km,freight_cost_inr,shipment_date,transporter
SHP00001,Mumbai,Pune,Short,Packaged Foods,12.2,151.4,5953,2024-01-01,Shivam Freight Co
SHP00002,Mumbai,Pune,Short,Steel Coils,14.5,147.5,6847,2024-01-02,Shivam Freight Co
SHP00003,Mumbai,Pune,Short,Textiles,16.3,150.6,8192,2024-01-06,Om Sai Transport
SHP00004,Mumbai,Pune,Short,Steel Coils,16.7,148.3,8310,2024-01-01,Om Sai Transport
SHP00005,Mumbai,Pune,Short,Cement,11.0,149.0,5547,2024-01-03,Bharat Roadways
SHP00006,Delhi,Jaipur,Short,Auto Parts,16.8,283.9,14572,2024-01-06,Shivam Freight Co
SHP00007,Delhi,Jaipur,Short,Packaged Foods,21.0,275.8,16936,2024-01-03,Shivam Freight Co
SHP00008,Delhi,Jaipur,Short,Cement,13.7,284.3,11469,2024-01-01,Speedway Logistics
SHP00009,Delhi,Jaipur,Short,Cement,21.8,283.1,18909,2024-01-07,Om Sai Transport
SHP00010,Chennai,Bangalore,Medium,FMCG Cartons,11.1,354.7,10499,2024-01-06,Bharat Roadways
SHP00011,Chennai,Bangalore,Medium,Auto Parts,11.2,351.5,10735,2024-01-02,Om Sai Transport
SHP00012,Chennai,Bangalore,Medium,Packaged Foods,21.0,346.8,19811,2024-01-02,Trident Carriers
SHP00013,Chennai,Bangalore,Medium,FMCG Cartons,19.1,354.8,17932,2024-01-01,Om Sai Transport
SHP00014,Kolkata,Bhubaneswar,Medium,Packaged Foods,16.4,447.3,18652,2024-01-02,Om Sai Transport
SHP00015,Kolkata,Bhubaneswar,Medium,Steel Coils,20.9,438.2,22929,2024-01-03,Speedway Logistics
SHP00016,Kolkata,Bhubaneswar,Medium,Textiles,16.0,444.3,18106,2024-01-04,Om Sai Transport
SHP00017,Kolkata,Bhubaneswar,Medium,Cement,22.0,437.6,23638,2024-01-04,Bharat Roadways
SHP00018,Ahmedabad,Mumbai,Medium,Auto Parts,17.8,522.8,23204,2024-01-04,Shivam Freight Co
SHP00019,Ahmedabad,Mumbai,Medium,Cement,15.9,540.5,21908,2024-01-07,Bharat Roadways
SHP00020,Ahmedabad,Mumbai,Medium,FMCG Cartons,16.0,533.9,20882,2024-01-06,Bharat Roadways
SHP00021,Mumbai,Delhi,Long,Textiles,21.4,1397.4,62359,2024-01-03,Speedway Logistics
SHP00022,Mumbai,Delhi,Long,Packaged Foods,10.4,1400.4,29924,2024-01-07,Shivam Freight Co
SHP00023,Mumbai,Delhi,Long,Textiles,11.0,1406.1,32039,2024-01-05,Bharat Roadways
SHP00024,Mumbai,Delhi,Long,FMCG Cartons,15.4,1405.5,43112,2024-01-03,Speedway Logistics
SHP00025,Mumbai,Pune,Short,Cement,10.0,150.4,5077,2024-01-14,Shivam Freight Co
SHP00026,Mumbai,Pune,Short,Steel Coils,10.7,151.6,5393,2024-01-12,Trident Carriers
SHP00027,Mumbai,Pune,Short,Packaged Foods,16.9,150.2,8687,2024-01-12,Speedway Logistics
SHP00028,Delhi,Jaipur,Short,Auto Parts,17.4,285.5,15112,2024-01-12,Bharat Roadways
SHP00029,Delhi,Jaipur,Short,Steel Coils,9.8,277.2,8056,2024-01-12,Shivam Freight Co
SHP00030,Delhi,Jaipur,Short,Cement,9.9,276.9,8436,2024-01-09,Bharat Roadways
SHP00031,Delhi,Jaipur,Short,Auto Parts,9.9,284.0,8450,2024-01-13,Speedway Logistics
SHP00032,Delhi,Jaipur,Short,Auto Parts,18.4,280.4,16115,2024-01-12,Speedway Logistics
SHP00033,Chennai,Bangalore,Medium,Auto Parts,10.3,345.7,9810,2024-01-11,Om Sai Transport
SHP00034,Chennai,Bangalore,Medium,Cement,9.7,355.1,9617,2024-01-13,Bharat Roadways
SHP00035,Chennai,Bangalore,Medium,Steel Coils,13.4,348.6,13203,2024-01-09,Speedway Logistics
SHP00036,Chennai,Bangalore,Medium,Steel Coils,10.8,350.5,10273,2024-01-11,Bharat Roadways
SHP00037,Kolkata,Bhubaneswar,Medium,Cement,10.3,446.3,12358,2024-01-12,Bharat Roadways
SHP00038,Kolkata,Bhubaneswar,Medium,Auto Parts,20.0,447.5,23366,2024-01-11,Speedway Logistics
SHP00039,Kolkata,Bhubaneswar,Medium,Auto Parts,20.7,446.4,24122,2024-01-08,Trident Carriers
SHP00040,Kolkata,Bhubaneswar,Medium,Packaged Foods,19.2,447.5,22595,2024-01-13,Shivam Freight Co
SHP00041,Ahmedabad,Mumbai,Medium,Packaged Foods,12.9,522.7,17987,2024-01-12,Shivam Freight Co
SHP00042,Ahmedabad,Mumbai,Medium,Textiles,13.1,520.7,17220,2024-01-11,Shivam Freight Co
SHP00043,Ahmedabad,Mumbai,Medium,Cement,21.5,522.7,28423,2024-01-09,Shivam Freight Co
SHP00044,Ahmedabad,Mumbai,Medium,Steel Coils,20.2,520.8,27138,2024-01-12,Shivam Freight Co
SHP00045,Ahmedabad,Mumbai,Medium,Textiles,17.1,532.0,23489,2024-01-12,Shivam Freight Co
SHP00046,Mumbai,Delhi,Long,Steel Coils,18.3,1383.4,52861,2024-01-11,Trident Carriers
SHP00047,Mumbai,Delhi,Long,Auto Parts,21.1,1397.6,64191,2024-01-08,Shivam Freight Co
SHP00048,Mumbai,Delhi,Long,Textiles,21.9,1427.9,64636,2024-01-09,Trident Carriers
SHP00049,Mumbai,Delhi,Long,FMCG Cartons,13.5,1379.4,38480,2024-01-09,Trident Carriers
SHP00050,Mumbai,Pune,Short,Packaged Foods,12.9,150.3,6750,2024-01-21,Shivam Freight Co
SHP00051,Mumbai,Pune,Short,Cement,19.6,147.0,9630,2024-01-20,Speedway Logistics
SHP00052,Mumbai,Pune,Short,FMCG Cartons,20.6,148.6,10507,2024-01-16,Trident Carriers
SHP00053,Delhi,Jaipur,Short,Auto Parts,17.9,278.2,15399,2024-01-19,Trident Carriers
SHP00054,Delhi,Jaipur,Short,FMCG Cartons,20.0,284.5,16809,2024-01-18,Bharat Roadways
SHP00055,Delhi,Jaipur,Short,Steel Coils,19.0,274.4,15918,2024-01-17,Om Sai Transport
SHP00056,Delhi,Jaipur,Short,Packaged Foods,14.6,280.6,12041,2024-01-15,Speedway Logistics
SHP00057,Delhi,Jaipur,Short,Auto Parts,19.8,280.5,16902,2024-01-16,Speedway Logistics
SHP00058,Chennai,Bangalore,Medium,Steel Coils,19.3,355.6,18641,2024-01-17,Speedway Logistics
SHP00059,Chennai,Bangalore,Medium,Auto Parts,13.6,352.3,12784,2024-01-21,Shivam Freight Co
SHP00060,Chennai,Bangalore,Medium,Steel Coils,21.0,353.5,19424,2024-01-16,Om Sai Transport
SHP00061,Kolkata,Bhubaneswar,Medium,Packaged Foods,19.2,447.5,21651,2024-01-20,Speedway Logistics
SHP00062,Kolkata,Bhubaneswar,Medium,Cement,19.2,435.9,20703,2024-01-21,Om Sai Transport
SHP00063,Kolkata,Bhubaneswar,Medium,Steel Coils,19.6,435.1,21552,2024-01-17,Speedway Logistics
SHP00064,Ahmedabad,Mumbai,Medium,FMCG Cartons,12.6,527.8,16732,2024-01-21,Trident Carriers
SHP00065,Ahmedabad,Mumbai,Medium,FMCG Cartons,14.2,533.0,20111,2024-01-19,Bharat Roadways
SHP00066,Ahmedabad,Mumbai,Medium,Cement,21.6,521.8,28547,2024-01-17,Bharat Roadways
SHP00067,Mumbai,Delhi,Long,Cement,13.1,1412.8,37983,2024-01-19,Om Sai Transport
SHP00068,Mumbai,Delhi,Long,Cement,11.5,1422.4,32446,2024-01-18,Shivam Freight Co
SHP00069,Mumbai,Delhi,Long,Packaged Foods,16.0,1423.8,47068,2024-01-20,Speedway Logistics
SHP00070,Mumbai,Delhi,Long,Textiles,9.9,1392.4,28388,2024-01-17,Trident Carriers
SHP00071,Mumbai,Delhi,Long,FMCG Cartons,10.6,1409.1,31191,2024-01-19,Om Sai Transport
SHP00072,Mumbai,Pune,Short,Packaged Foods,10.7,148.8,5345,2024-01-25,Speedway Logistics
SHP00073,Mumbai,Pune,Short,FMCG Cartons,12.9,150.7,6577,2024-01-22,Trident Carriers
SHP00074,Mumbai,Pune,Short,Auto Parts,19.2,148.3,9667,2024-01-24,Om Sai Transport
SHP00075,Mumbai,Pune,Short,Packaged Foods,11.8,149.7,5949,2024-01-28,Speedway Logistics
SHP00076,Delhi,Jaipur,Short,Steel Coils,17.2,280.2,14301,2024-01-28,Trident Carriers
SHP00077,Delhi,Jaipur,Short,Auto Parts,11.6,276.9,9352,2024-01-23,Shivam Freight Co
SHP00078,Delhi,Jaipur,Short,Textiles,9.9,283.9,8380,2024-01-27,Speedway Logistics
SHP00079,Delhi,Jaipur,Short,Packaged Foods,14.0,282.4,11778,2024-01-23,Bharat Roadways
SHP00080,Delhi,Jaipur,Short,Auto Parts,20.2,284.4,17616,2024-01-28,Speedway Logistics
SHP00081,Chennai,Bangalore,Medium,Cement,15.0,352.7,14682,2024-01-28,Om Sai Transport
SHP00082,Chennai,Bangalore,Medium,Textiles,15.0,344.9,14335,2024-01-26,Trident Carriers
SHP00083,Chennai,Bangalore,Medium,Textiles,20.6,356.3,20437,2024-01-27,Om Sai Transport
SHP00084,Kolkata,Bhubaneswar,Medium,Steel Coils,20.2,434.0,22627,2024-01-28,Trident Carriers
SHP00085,Kolkata,Bhubaneswar,Medium,Auto Parts,15.8,444.7,18328,2024-01-24,Bharat Roadways
SHP00086,Kolkata,Bhubaneswar,Medium,Cement,12.0,443.8,13651,2024-01-26,Speedway Logistics
SHP00087,Kolkata,Bhubaneswar,Medium,Cement,14.0,433.9,15398,2024-01-23,Om Sai Transport
SHP00088,Kolkata,Bhubaneswar,Medium,Auto Parts,16.1,438.4,18180,2024-01-23,Om Sai Transport
SHP00089,Ahmedabad,Mumbai,Medium,Cement,20.4,519.8,28132,2024-01-25,Trident Carriers
SHP00090,Ahmedabad,Mumbai,Medium,Auto Parts,14.1,525.7,20036,2024-01-28,Shivam Freight Co
SHP00091,Ahmedabad,Mumbai,Medium,Auto Parts,16.1,535.2,22898,2024-01-23,Speedway Logistics
SHP00092,Ahmedabad,Mumbai,Medium,Packaged Foods,15.3,525.2,21080,2024-01-27,Om Sai Transport
SHP00093,Ahmedabad,Mumbai,Medium,Textiles,19.9,534.8,28814,2024-01-26,Bharat Roadways
SHP00094,Mumbai,Delhi,Long,Auto Parts,10.1,1409.1,29264,2024-01-28,Speedway Logistics
SHP00095,Mumbai,Delhi,Long,FMCG Cartons,13.9,1374.8,38780,2024-01-24,Om Sai Transport
SHP00096,Mumbai,Delhi,Long,Cement,21.4,1387.6,61033,2024-01-28,Om Sai Transport
SHP00097,Mumbai,Delhi,Long,Steel Coils,16.0,1373.1,46730,2024-01-24,Bharat Roadways
SHP00098,Mumbai,Pune,Short,Steel Coils,12.2,147.2,6001,2024-02-02,Speedway Logistics
SHP00099,Mumbai,Pune,Short,Auto Parts,17.7,147.8,8600,2024-01-30,Trident Carriers
SHP00100,Mumbai,Pune,Short,Packaged Foods,11.2,151.6,5596,2024-02-03,Bharat Roadways
SHP00101,Mumbai,Pune,Short,Cement,11.1,151.7,5452,2024-02-02,Trident Carriers
SHP00102,Mumbai,Pune,Short,Steel Coils,20.8,150.5,10175,2024-02-03,Bharat Roadways
SHP00103,Delhi,Jaipur,Short,Packaged Foods,10.3,281.4,9271,2024-02-04,Shivam Freight Co
SHP00104,Delhi,Jaipur,Short,FMCG Cartons,19.4,283.4,17372,2024-01-29,Shivam Freight Co
SHP00105,Delhi,Jaipur,Short,Cement,13.8,279.2,12131,2024-01-31,Om Sai Transport
SHP00106,Delhi,Jaipur,Short,Auto Parts,10.4,283.6,9539,2024-02-03,Speedway Logistics
SHP00107,Delhi,Jaipur,Short,Textiles,18.5,279.3,16716,2024-01-31,Shivam Freight Co
SHP00108,Chennai,Bangalore,Medium,Cement,16.7,354.6,15774,2024-01-30,Trident Carriers
SHP00109,Chennai,Bangalore,Medium,Packaged Foods,12.2,355.3,11646,2024-02-02,Om Sai Transport
SHP00110,Chennai,Bangalore,Medium,Steel Coils,15.4,347.7,14265,2024-02-01,Trident Carriers
SHP00111,Chennai,Bangalore,Medium,FMCG Cartons,13.4,354.2,13071,2024-02-03,Shivam Freight Co
SHP00112,Kolkata,Bhubaneswar,Medium,Steel Coils,12.1,434.6,13614,2024-02-02,Om Sai Transport
SHP00113,Kolkata,Bhubaneswar,Medium,FMCG Cartons,15.4,442.6,18057,2024-01-29,Speedway Logistics
SHP00114,Kolkata,Bhubaneswar,Medium,Auto Parts,12.2,438.3,14058,2024-01-31,Shivam Freight Co
SHP00115,Ahmedabad,Mumbai,Medium,FMCG Cartons,16.2,540.5,21853,2024-02-01,Trident Carriers
SHP00116,Ahmedabad,Mumbai,Medium,Packaged Foods,10.6,524.7,13747,2024-01-29,Shivam Freight Co
SHP00117,Ahmedabad,Mumbai,Medium,Auto Parts,18.0,539.6,24005,2024-02-03,Trident Carriers
SHP00118,Ahmedabad,Mumbai,Medium,Cement,21.7,534.8,29266,2024-01-31,Speedway Logistics
SHP00119,Ahmedabad,Mumbai,Medium,Textiles,13.7,525.7,17921,2024-02-03,Speedway Logistics
SHP00120,Mumbai,Delhi,Long,Auto Parts,12.8,1375.1,35697,2024-02-03,Bharat Roadways
SHP00121,Mumbai,Delhi,Long,FMCG Cartons,16.5,1420.9,46229,2024-02-01,Speedway Logistics
SHP00122,Mumbai,Delhi,Long,Cement,12.3,1426.1,35404,2024-01-29,Om Sai Transport
SHP00123,Mumbai,Delhi,Long,Steel Coils,16.5,1399.5,46127,2024-01-30,Shivam Freight Co
SHP00124,Mumbai,Pune,Short,Textiles,16.3,148.5,7917,2024-02-09,Speedway Logistics
SHP00125,Mumbai,Pune,Short,Textiles,13.9,151.7,7101,2024-02-07,Om Sai Transport
SHP00126,Mumbai,Pune,Short,Cement,17.1,148.8,8419,2024-02-10,Speedway Logistics
SHP00127,Mumbai,Pune,Short,Steel Coils,12.4,150.8,5992,2024-02-06,Shivam Freight Co
SHP00128,Delhi,Jaipur,Short,Steel Coils,18.0,279.0,15113,2024-02-05,Trident Carriers
SHP00129,Delhi,Jaipur,Short,Steel Coils,18.1,282.3,15362,2024-02-10,Trident Carriers
SHP00130,Delhi,Jaipur,Short,Auto Parts,17.1,283.2,14741,2024-02-06,Bharat Roadways
SHP00131,Chennai,Bangalore,Medium,Steel Coils,12.5,345.1,11146,2024-02-05,Trident Carriers
SHP00132,Chennai,Bangalore,Medium,Cement,19.7,351.3,18736,2024-02-08,Om Sai Transport
SHP00133,Chennai,Bangalore,Medium,Textiles,18.1,352.6,17300,2024-02-09,Om Sai Transport
SHP00134,Chennai,Bangalore,Medium,FMCG Cartons,16.8,349.1,15848,2024-02-10,Shivam Freight Co
SHP00135,Chennai,Bangalore,Medium,Textiles,10.2,346.5,9591,2024-02-11,Shivam Freight Co
SHP00136,Kolkata,Bhubaneswar,Medium,Steel Coils,12.5,443.0,14560,2024-02-11,Om Sai Transport
SHP00137,Kolkata,Bhubaneswar,Medium,Auto Parts,14.7,440.3,17268,2024-02-09,Om Sai Transport
SHP00138,Kolkata,Bhubaneswar,Medium,Packaged Foods,15.1,448.3,18203,2024-02-07,Bharat Roadways
SHP00139,Ahmedabad,Mumbai,Medium,Textiles,12.7,534.1,17517,2024-02-11,Bharat Roadways
SHP00140,Ahmedabad,Mumbai,Medium,Auto Parts,13.1,529.0,17246,2024-02-11,Shivam Freight Co
SHP00141,Ahmedabad,Mumbai,Medium,Auto Parts,9.0,536.9,12423,2024-02-08,Bharat Roadways
SHP00142,Mumbai,Delhi,Long,Steel Coils,15.5,1406.9,44615,2024-02-05,Trident Carriers
SHP00143,Mumbai,Delhi,Long,Auto Parts,21.1,1402.8,60542,2024-02-10,Bharat Roadways
SHP00144,Mumbai,Delhi,Long,Steel Coils,17.2,1373.6,49376,2024-02-10,Trident Carriers
SHP00145,Mumbai,Pune,Short,Auto Parts,11.9,149.4,5929,2024-02-12,Bharat Roadways
SHP00146,Mumbai,Pune,Short,Textiles,11.0,150.9,5565,2024-02-14,Trident Carriers
SHP00147,Mumbai,Pune,Short,Textiles,15.3,149.5,7462,2024-02-15,Speedway Logistics
SHP00148,Mumbai,Pune,Short,Cement,21.0,149.3,10250,2024-02-13,Trident Carriers
SHP00149,Mumbai,Pune,Short,Textiles,20.1,151.6,9862,2024-02-18,Trident Carriers
SHP00150,Delhi,Jaipur,Short,Steel Coils,16.6,277.7,14463,2024-02-15,Om Sai Transport
SHP00151,Delhi,Jaipur,Short,Auto Parts,13.5,280.4,11567,2024-02-16,Om Sai Transport
SHP00152,Delhi,Jaipur,Short,Textiles,20.3,284.8,18119,2024-02-13,Om Sai Transport
SHP00153,Chennai,Bangalore,Medium,Auto Parts,13.1,348.8,12668,2024-02-18,Om Sai Transport
SHP00154,Chennai,Bangalore,Medium,Auto Parts,19.3,356.8,19297,2024-02-13,Bharat Roadways
SHP00155,Chennai,Bangalore,Medium,Auto Parts,21.5,344.8,20378,2024-02-12,Bharat Roadways
SHP00156,Kolkata,Bhubaneswar,Medium,Cement,10.9,431.5,12911,2024-02-13,Om Sai Transport
SHP00157,Kolkata,Bhubaneswar,Medium,Packaged Foods,12.4,445.0,14927,2024-02-15,Bharat Roadways
SHP00158,Kolkata,Bhubaneswar,Medium,FMCG Cartons,20.1,446.2,24603,2024-02-15,Om Sai Transport
SHP00159,Kolkata,Bhubaneswar,Medium,Packaged Foods,9.5,446.6,11098,2024-02-17,Trident Carriers
SHP00160,Kolkata,Bhubaneswar,Medium,Packaged Foods,18.7,448.8,22448,2024-02-12,Bharat Roadways
SHP00161,Ahmedabad,Mumbai,Medium,FMCG Cartons,9.4,525.7,12135,2024-02-12,Trident Carriers
SHP00162,Ahmedabad,Mumbai,Medium,Packaged Foods,10.9,527.3,14292,2024-02-16,Speedway Logistics
SHP00163,Ahmedabad,Mumbai,Medium,Packaged Foods,10.0,523.0,13269,2024-02-16,Speedway Logistics
SHP00164,Ahmedabad,Mumbai,Medium,FMCG Cartons,16.6,530.0,21485,2024-02-17,Om Sai Transport
SHP00165,Mumbai,Delhi,Long,Steel Coils,15.0,1422.3,43755,2024-02-16,Bharat Roadways
SHP00166,Mumbai,Delhi,Long,Auto Parts,13.5,1396.7,39375,2024-02-17,Trident Carriers
SHP00167,Mumbai,Delhi,Long,Auto Parts,12.9,1397.6,38575,2024-02-18,Bharat Roadways
SHP00168,Mumbai,Delhi,Long,FMCG Cartons,16.4,1385.3,47407,2024-02-17,Bharat Roadways
SHP00169,Mumbai,Pune,Short,Textiles,20.2,147.0,10179,2024-02-19,Om Sai Transport
SHP00170,Mumbai,Pune,Short,Textiles,20.7,152.0,10784,2024-02-20,Trident Carriers
SHP00171,Mumbai,Pune,Short,Packaged Foods,11.5,148.3,5664,2024-02-25,Speedway Logistics
SHP00172,Mumbai,Pune,Short,Auto Parts,20.7,150.8,10617,2024-02-21,Bharat Roadways
SHP00173,Mumbai,Pune,Short,FMCG Cartons,18.5,150.5,9157,2024-02-21,Om Sai Transport
SHP00174,Delhi,Jaipur,Short,FMCG Cartons,20.4,283.2,17340,2024-02-23,Speedway Logistics
SHP00175,Delhi,Jaipur,Short,FMCG Cartons,19.7,277.3,16511,2024-02-25,Trident Carriers
SHP00176,Delhi,Jaipur,Short,Steel Coils,15.1,283.4,12618,2024-02-25,Om Sai Transport
SHP00177,Chennai,Bangalore,Medium,FMCG Cartons,9.2,354.1,8720,2024-02-22,Trident Carriers
SHP00178,Chennai,Bangalore,Medium,Packaged Foods,19.7,351.2,18968,2024-02-19,Speedway Logistics
SHP00179,Chennai,Bangalore,Medium,Textiles,17.1,349.6,16392,2024-02-21,Speedway Logistics
SHP00180,Chennai,Bangalore,Medium,FMCG Cartons,17.3,352.1,16235,2024-02-24,Om Sai Transport
SHP00181,Chennai,Bangalore,Medium,Cement,9.6,344.6,8591,2024-02-22,Bharat Roadways
SHP00182,Kolkata,Bhubaneswar,Medium,Packaged Foods,14.9,433.6,17495,2024-02-24,Shivam Freight Co
SHP00183,Kolkata,Bhubaneswar,Medium,Packaged Foods,18.6,438.6,21415,2024-02-22,Bharat Roadways
SHP00184,Kolkata,Bhubaneswar,Medium,Cement,17.0,445.9,20855,2024-02-21,Trident Carriers
SHP00185,Ahmedabad,Mumbai,Medium,FMCG Cartons,20.1,539.6,26870,2024-02-24,Shivam Freight Co
SHP00186,Ahmedabad,Mumbai,Medium,Steel Coils,17.4,538.5,23158,2024-02-21,Bharat Roadways
SHP00187,Ahmedabad,Mumbai,Medium,Packaged Foods,19.7,539.5,26318,2024-02-20,Shivam Freight Co
SHP00188,Mumbai,Delhi,Long,Cement,21.9,1390.7,61227,2024-02-20,Shivam Freight Co
SHP00189,Mumbai,Delhi,Long,Steel Coils,11.8,1383.6,32982,2024-02-21,Shivam Freight Co
SHP00190,Mumbai,Delhi,Long,Textiles,20.2,1372.2,53612,2024-02-20,Trident Carriers
SHP00191,Mumbai,Pune,Short,Steel Coils,10.7,152.2,5319,2024-03-03,Shivam Freight Co
SHP00192,Mumbai,Pune,Short,Auto Parts,11.3,148.9,5393,2024-03-02,Shivam Freight Co
SHP00193,Mumbai,Pune,Short,Textiles,9.8,147.7,4753,2024-02-28,Shivam Freight Co
SHP00194,Delhi,Jaipur,Short,Packaged Foods,17.0,276.9,14735,2024-03-03,Shivam Freight Co
SHP00195,Delhi,Jaipur,Short,Auto Parts,17.4,277.8,14507,2024-02-29,Om Sai Transport
SHP00196,Delhi,Jaipur,Short,Cement,15.4,282.1,13746,2024-02-26,Trident Carriers
SHP00197,Chennai,Bangalore,Medium,FMCG Cartons,17.1,344.8,15551,2024-03-02,Om Sai Transport
SHP00198,Chennai,Bangalore,Medium,Auto Parts,15.9,356.9,14849,2024-03-01,Bharat Roadways
SHP00199,Chennai,Bangalore,Medium,Textiles,10.5,354.1,9847,2024-03-03,Speedway Logistics
SHP00200,Chennai,Bangalore,Medium,Auto Parts,20.5,349.0,18677,2024-03-03,Om Sai Transport
SHP00201,Chennai,Bangalore,Medium,FMCG Cartons,10.2,348.8,9295,2024-03-02,Trident Carriers
SHP00202,Kolkata,Bhubaneswar,Medium,Cement,10.2,439.5,11535,2024-02-29,Trident Carriers
SHP00203,Kolkata,Bhubaneswar,Medium,Textiles,16.2,445.5,19144,2024-03-01,Trident Carriers
SHP00204,Kolkata,Bhubaneswar,Medium,Auto Parts,14.3,443.0,17092,2024-03-03,Bharat Roadways
SHP00205,Ahmedabad,Mumbai,Medium,Auto Parts,16.5,526.9,21962,2024-03-02,Speedway Logistics
SHP00206,Ahmedabad,Mumbai,Medium,FMCG Cartons,13.6,537.4,18850,2024-02-26,Shivam Freight Co
SHP00207,Ahmedabad,Mumbai,Medium,Textiles,14.6,524.2,19745,2024-03-03,Shivam Freight Co
SHP00208,Ahmedabad,Mumbai,Medium,Packaged Foods,16.2,533.7,22370,2024-03-02,Trident Carriers
SHP00209,Mumbai,Delhi,Long,Steel Coils,13.0,1411.4,36300,2024-02-26,Speedway Logistics
SHP00210,Mumbai,Delhi,Long,Cement,14.2,1403.7,38961,2024-03-02,Bharat Roadways
SHP00211,Mumbai,Delhi,Long,Steel Coils,11.8,1413.8,33165,2024-02-28,Trident Carriers
SHP00212,Mumbai,Pune,Short,Steel Coils,16.4,151.7,8394,2024-03-04,Speedway Logistics
SHP00213,Mumbai,Pune,Short,Packaged Foods,9.6,151.5,4906,2024-03-07,Om Sai Transport
SHP00214,Mumbai,Pune,Short,Textiles,14.7,149.9,7521,2024-03-10,Bharat Roadways
SHP00215,Mumbai,Pune,Short,Auto Parts,10.4,149.1,5423,2024-03-08,Shivam Freight Co
SHP00216,Delhi,Jaipur,Short,FMCG Cartons,21.8,276.9,17934,2024-03-05,Speedway Logistics
SHP00217,Delhi,Jaipur,Short,Cement,18.9,283.0,16121,2024-03-04,Om Sai Transport
SHP00218,Delhi,Jaipur,Short,Steel Coils,11.3,282.8,9685,2024-03-09,Shivam Freight Co
SHP00219,Delhi,Jaipur,Short,Packaged Foods,17.7,280.7,15033,2024-03-07,Bharat Roadways
SHP00220,Delhi,Jaipur,Short,Textiles,15.0,279.3,12464,2024-03-06,Om Sai Transport
SHP00221,Chennai,Bangalore,Medium,Steel Coils,12.8,352.0,12003,2024-03-06,Shivam Freight Co
SHP00222,Chennai,Bangalore,Medium,Cement,18.0,349.4,16711,2024-03-07,Speedway Logistics
SHP00223,Chennai,Bangalore,Medium,FMCG Cartons,14.2,349.1,12946,2024-03-10,Trident Carriers
SHP00224,Chennai,Bangalore,Medium,Cement,19.1,346.1,17262,2024-03-09,Shivam Freight Co
SHP00225,Chennai,Bangalore,Medium,Packaged Foods,20.8,350.1,19335,2024-03-09,Speedway Logistics
SHP00226,Kolkata,Bhubaneswar,Medium,Packaged Foods,11.3,435.7,12136,2024-03-10,Bharat Roadways
SHP00227,Kolkata,Bhubaneswar,Medium,Textiles,19.0,434.3,20765,2024-03-10,Shivam Freight Co
SHP00228,Kolkata,Bhubaneswar,Medium,Textiles,21.0,439.1,23303,2024-03-09,Trident Carriers
SHP00229,Ahmedabad,Mumbai,Medium,FMCG Cartons,15.1,528.7,20216,2024-03-10,Shivam Freight Co
SHP00230,Ahmedabad,Mumbai,Medium,Cement,15.6,520.6,20173,2024-03-07,Bharat Roadways
SHP00231,Ahmedabad,Mumbai,Medium,Cement,12.7,527.2,16968,2024-03-10,Shivam Freight Co
SHP00232,Ahmedabad,Mumbai,Medium,Packaged Foods,14.0,532.0,18803,2024-03-10,Bharat Roadways
SHP00233,Ahmedabad,Mumbai,Medium,Textiles,19.5,528.9,26149,2024-03-06,Om Sai Transport
SHP00234,Mumbai,Delhi,Long,Packaged Foods,10.3,1375.5,28909,2024-03-06,Bharat Roadways
SHP00235,Mumbai,Delhi,Long,Auto Parts,11.2,1400.3,30780,2024-03-07,Shivam Freight Co
SHP00236,Mumbai,Delhi,Long,Auto Parts,11.1,1401.3,30759,2024-03-06,Om Sai Transport
SHP00237,Mumbai,Delhi,Long,Packaged Foods,17.8,1415.4,48857,2024-03-09,Trident Carriers
SHP00238,Mumbai,Delhi,Long,FMCG Cartons,10.2,1375.7,28262,2024-03-06,Shivam Freight Co
SHP00239,Mumbai,Pune,Short,Packaged Foods,10.8,150.5,5404,2024-03-16,Om Sai Transport
SHP00240,Mumbai,Pune,Short,Auto Parts,18.2,147.8,8799,2024-03-15,Trident Carriers
SHP00241,Mumbai,Pune,Short,Packaged Foods,17.7,151.9,9198,2024-03-16,Shivam Freight Co
SHP00242,Delhi,Jaipur,Short,Steel Coils,13.7,279.1,11893,2024-03-12,Trident Carriers
SHP00243,Delhi,Jaipur,Short,Steel Coils,15.3,285.0,13451,2024-03-12,Bharat Roadways
SHP00244,Delhi,Jaipur,Short,Packaged Foods,19.2,277.7,16730,2024-03-15,Shivam Freight Co
SHP00245,Chennai,Bangalore,Medium,Steel Coils,17.0,355.3,16616,2024-03-12,Speedway Logistics
SHP00246,Chennai,Bangalore,Medium,Packaged Foods,19.0,354.6,18768,2024-03-12,Om Sai Transport
SHP00247,Chennai,Bangalore,Medium,Textiles,13.7,343.6,13044,2024-03-14,Trident Carriers
SHP00248,Kolkata,Bhubaneswar,Medium,Auto Parts,12.1,435.3,14397,2024-03-17,Speedway Logistics
SHP00249,Kolkata,Bhubaneswar,Medium,FMCG Cartons,21.3,437.7,25511,2024-03-14,Om Sai Transport
SHP00250,Kolkata,Bhubaneswar,Medium,Textiles,14.4,440.1,16510,2024-03-12,Speedway Logistics
SHP00251,Kolkata,Bhubaneswar,Medium,Textiles,9.7,446.6,11506,2024-03-13,Bharat Roadways
SHP00252,Kolkata,Bhubaneswar,Medium,Steel Coils,15.7,443.7,18106,2024-03-11,Trident Carriers
SHP00253,Ahmedabad,Mumbai,Medium,Auto Parts,14.7,522.5,20763,2024-03-12,Trident Carriers
SHP00254,Ahmedabad,Mumbai,Medium,Steel Coils,14.4,539.1,20311,2024-03-13,Om Sai Transport
SHP00255,Ahmedabad,Mumbai,Medium,Packaged Foods,13.9,540.5,19219,2024-03-11,Trident Carriers
SHP00256,Ahmedabad,Mumbai,Medium,Auto Parts,10.8,536.2,15051,2024-03-17,Speedway Logistics
SHP00257,Mumbai,Delhi,Long,Steel Coils,20.8,1406.5,58098,2024-03-12,Shivam Freight Co
SHP00258,Mumbai,Delhi,Long,FMCG Cartons,16.9,1424.7,49010,2024-03-17,Speedway Logistics
SHP00259,Mumbai,Delhi,Long,Textiles,9.6,1388.9,27135,2024-03-17,Om Sai Transport
SHP00260,Mumbai,Delhi,Long,Cement,19.9,1375.5,55974,2024-03-15,Shivam Freight Co
SHP00261,Mumbai,Delhi,Long,Textiles,18.3,1404.2,51890,2024-03-11,Trident Carriers
SHP00262,Mumbai,Pune,Short,Cement,17.7,148.1,8976,2024-03-20,Shivam Freight Co
SHP00263,Mumbai,Pune,Short,Auto Parts,19.2,150.3,9872,2024-03-18,Om Sai Transport
SHP00264,Mumbai,Pune,Short,Cement,14.0,147.3,6998,2024-03-23,Trident Carriers
SHP00265,Delhi,Jaipur,Short,FMCG Cartons,17.2,282.6,15124,2024-03-23,Speedway Logistics
SHP00266,Delhi,Jaipur,Short,Packaged Foods,16.1,274.9,13805,2024-03-19,Om Sai Transport
SHP00267,Delhi,Jaipur,Short,Cement,15.2,285.4,13028,2024-03-19,Om Sai Transport
SHP00268,Chennai,Bangalore,Medium,Textiles,11.6,343.6,10293,2024-03-20,Om Sai Transport
SHP00269,Chennai,Bangalore,Medium,Packaged Foods,16.1,356.8,15028,2024-03-24,Speedway Logistics
SHP00270,Chennai,Bangalore,Medium,FMCG Cartons,20.2,347.0,18108,2024-03-23,Trident Carriers
SHP00271,Kolkata,Bhubaneswar,Medium,FMCG Cartons,14.2,438.9,16532,2024-03-21,Speedway Logistics
SHP00272,Kolkata,Bhubaneswar,Medium,FMCG Cartons,15.5,439.9,18615,2024-03-22,Bharat Roadways
SHP00273,Kolkata,Bhubaneswar,Medium,Steel Coils,10.0,444.0,11893,2024-03-24,Shivam Freight Co
SHP00274,Ahmedabad,Mumbai,Medium,Packaged Foods,17.6,521.1,22785,2024-03-22,Om Sai Transport
SHP00275,Ahmedabad,Mumbai,Medium,FMCG Cartons,14.8,522.9,19390,2024-03-23,Shivam Freight Co
SHP00276,Ahmedabad,Mumbai,Medium,Cement,12.6,540.6,17614,2024-03-18,Om Sai Transport
SHP00277,Ahmedabad,Mumbai,Medium,Steel Coils,19.4,527.1,25979,2024-03-18,Shivam Freight Co
SHP00278,Mumbai,Delhi,Long,FMCG Cartons,9.9,1373.9,28987,2024-03-20,Om Sai Transport
SHP00279,Mumbai,Delhi,Long,FMCG Cartons,9.4,1425.2,27498,2024-03-21,Trident Carriers
SHP00280,Mumbai,Delhi,Long,Auto Parts,10.0,1396.9,28644,2024-03-20,Trident Carriers
SHP00281,Mumbai,Delhi,Long,Steel Coils,12.2,1408.4,35181,2024-03-23,Om Sai Transport
SHP00282,Mumbai,Delhi,Long,FMCG Cartons,20.9,1401.0,59969,2024-03-24,Om Sai Transport
SHP00283,Mumbai,Pune,Short,Steel Coils,20.9,148.7,10980,2024-03-25,Bharat Roadways
SHP00284,Mumbai,Pune,Short,Packaged Foods,20.7,149.7,10918,2024-03-25,Trident Carriers
SHP00285,Mumbai,Pune,Short,FMCG Cartons,18.2,151.0,9744,2024-03-27,Speedway Logistics
SHP00286,Delhi,Jaipur,Short,Cement,11.3,282.2,9968,2024-03-26,Speedway Logistics
SHP00287,Delhi,Jaipur,Short,Textiles,12.1,283.3,10801,2024-03-27,Shivam Freight Co
SHP00288,Delhi,Jaipur,Short,Cement,19.4,278.5,17083,2024-03-29,Bharat Roadways
SHP00289,Delhi,Jaipur,Short,Auto Parts,22.0,277.9,19524,2024-03-29,Om Sai Transport
SHP00290,Delhi,Jaipur,Short,Cement,10.0,283.6,9192,2024-03-30,Om Sai Transport
SHP00291,Chennai,Bangalore,Medium,Textiles,20.4,347.8,19760,2024-03-30,Speedway Logistics
SHP00292,Chennai,Bangalore,Medium,Cement,10.7,353.7,10367,2024-03-31,Bharat Roadways
SHP00293,Chennai,Bangalore,Medium,Steel Coils,13.0,350.3,12220,2024-03-30,Trident Carriers
SHP00294,Chennai,Bangalore,Medium,FMCG Cartons,15.7,356.3,15123,2024-03-25,Speedway Logistics
SHP00295,Kolkata,Bhubaneswar,Medium,Textiles,17.1,436.0,20230,2024-03-25,Speedway Logistics
SHP00296,Kolkata,Bhubaneswar,Medium,Packaged Foods,16.5,441.6,19249,2024-03-29,Shivam Freight Co
SHP00297,Kolkata,Bhubaneswar,Medium,Cement,21.0,437.1,24056,2024-03-31,Bharat Roadways
SHP00298,Kolkata,Bhubaneswar,Medium,Steel Coils,17.3,432.0,20234,2024-03-30,Shivam Freight Co
SHP00299,Kolkata,Bhubaneswar,Medium,Textiles,17.3,438.5,20441,2024-03-30,Trident Carriers
SHP00300,Ahmedabad,Mumbai,Medium,Auto Parts,19.5,529.6,27599,2024-03-27,Bharat Roadways
SHP00301,Ahmedabad,Mumbai,Medium,Steel Coils,11.1,534.0,15588,2024-03-28,Trident Carriers
SHP00302,Ahmedabad,Mumbai,Medium,FMCG Cartons,13.1,532.3,18673,2024-03-30,Om Sai Transport
SHP00303,Ahmedabad,Mumbai,Medium,Steel Coils,13.8,522.2,19118,2024-03-27,Om Sai Transport
SHP00304,Ahmedabad,Mumbai,Medium,FMCG Cartons,14.8,522.0,19980,2024-03-25,Om Sai Transport
SHP00305,Mumbai,Delhi,Long,Packaged Foods,20.7,1425.9,61242,2024-03-29,Trident Carriers
SHP00306,Mumbai,Delhi,Long,Auto Parts,11.1,1382.6,32185,2024-03-28,Trident Carriers
SHP00307,Mumbai,Delhi,Long,Steel Coils,10.2,1399.9,28894,2024-03-28,Speedway Logistics
SHP00308,Mumbai,Delhi,Long,Packaged Foods,9.6,1404.7,27103,2024-03-29,Om Sai Transport
SHP00309,Mumbai,Delhi,Long,FMCG Cartons,9.1,1388.0,25118,2024-03-26,Trident Carriers
SHP00310,Mumbai,Pune,Short,FMCG Cartons,16.4,149.4,8090,2024-04-05,Bharat Roadways
SHP00311,Mumbai,Pune,Short,Textiles,14.9,149.3,7505,2024-04-07,Shivam Freight Co
SHP00312,Mumbai,Pune,Short,FMCG Cartons,21.7,147.7,10712,2024-04-07,Shivam Freight Co
SHP00313,Mumbai,Pune,Short,Auto Parts,18.8,152.6,9475,2024-04-05,Shivam Freight Co
SHP00314,Delhi,Jaipur,Short,Steel Coils,13.3,275.9,10944,2024-04-04,Shivam Freight Co
SHP00315,Delhi,Jaipur,Short,Steel Coils,10.8,284.4,9413,2024-04-03,Om Sai Transport
SHP00316,Delhi,Jaipur,Short,Textiles,18.6,285.5,15672,2024-04-03,Shivam Freight Co
SHP00317,Chennai,Bangalore,Medium,Packaged Foods,15.2,350.9,13972,2024-04-03,Bharat Roadways
SHP00318,Chennai,Bangalore,Medium,Packaged Foods,16.6,356.7,16259,2024-04-06,Bharat Roadways
SHP00319,Chennai,Bangalore,Medium,Textiles,12.5,351.4,11961,2024-04-07,Shivam Freight Co
SHP00320,Chennai,Bangalore,Medium,Packaged Foods,9.7,346.2,9049,2024-04-05,Shivam Freight Co
SHP00321,Chennai,Bangalore,Medium,Cement,13.9,353.8,13523,2024-04-02,Shivam Freight Co
SHP00322,Kolkata,Bhubaneswar,Medium,Steel Coils,13.1,431.5,13940,2024-04-06,Om Sai Transport
SHP00323,Kolkata,Bhubaneswar,Medium,Packaged Foods,16.9,440.0,18698,2024-04-07,Bharat Roadways
SHP00324,Kolkata,Bhubaneswar,Medium,Auto Parts,15.7,443.6,17607,2024-04-06,Shivam Freight Co
SHP00325,Kolkata,Bhubaneswar,Medium,FMCG Cartons,21.4,437.8,23542,2024-04-05,Shivam Freight Co
SHP00326,Kolkata,Bhubaneswar,Medium,Packaged Foods,19.0,437.4,21211,2024-04-06,Trident Carriers
SHP00327,Ahmedabad,Mumbai,Medium,FMCG Cartons,12.6,539.7,17109,2024-04-03,Speedway Logistics
SHP00328,Ahmedabad,Mumbai,Medium,Packaged Foods,15.4,534.0,20918,2024-04-05,Trident Carriers
SHP00329,Ahmedabad,Mumbai,Medium,FMCG Cartons,16.5,525.5,22140,2024-04-04,Speedway Logistics
SHP00330,Ahmedabad,Mumbai,Medium,Auto Parts,12.7,525.6,17218,2024-04-03,Trident Carriers
SHP00331,Ahmedabad,Mumbai,Medium,Textiles,11.8,535.2,16400,2024-04-03,Trident Carriers
SHP00332,Mumbai,Delhi,Long,Steel Coils,12.1,1413.5,33050,2024-04-05,Speedway Logistics
SHP00333,Mumbai,Delhi,Long,Packaged Foods,14.4,1374.9,39831,2024-04-01,Speedway Logistics
SHP00334,Mumbai,Delhi,Long,Packaged Foods,16.2,1372.3,45286,2024-04-04,Om Sai Transport
SHP00335,Mumbai,Pune,Short,Cement,12.7,151.5,6535,2024-04-08,Shivam Freight Co
SHP00336,Mumbai,Pune,Short,Steel Coils,18.6,148.4,9697,2024-04-08,Om Sai Transport
SHP00337,Mumbai,Pune,Short,Auto Parts,11.3,152.3,6071,2024-04-14,Om Sai Transport
SHP00338,Mumbai,Pune,Short,Cement,18.7,148.1,9742,2024-04-10,Bharat Roadways
SHP00339,Delhi,Jaipur,Short,Textiles,21.8,275.6,18484,2024-04-13,Shivam Freight Co
SHP00340,Delhi,Jaipur,Short,FMCG Cartons,21.2,279.9,18885,2024-04-11,Speedway Logistics
SHP00341,Delhi,Jaipur,Short,FMCG Cartons,13.3,283.5,11915,2024-04-13,Speedway Logistics
SHP00342,Delhi,Jaipur,Short,Steel Coils,13.4,274.6,11328,2024-04-13,Speedway Logistics
SHP00343,Chennai,Bangalore,Medium,Auto Parts,19.8,355.6,19570,2024-04-08,Bharat Roadways
SHP00344,Chennai,Bangalore,Medium,Cement,10.8,345.6,10255,2024-04-09,Trident Carriers
SHP00345,Chennai,Bangalore,Medium,FMCG Cartons,14.8,348.4,14119,2024-04-10,Shivam Freight Co
SHP00346,Chennai,Bangalore,Medium,Steel Coils,9.1,353.1,9005,2024-04-13,Bharat Roadways
SHP00347,Chennai,Bangalore,Medium,Textiles,15.1,352.3,14471,2024-04-13,Trident Carriers
SHP00348,Kolkata,Bhubaneswar,Medium,Steel Coils,12.8,447.3,14530,2024-04-09,Om Sai Transport
SHP00349,Kolkata,Bhubaneswar,Medium,Packaged Foods,18.7,433.9,20580,2024-04-11,Shivam Freight Co
SHP00350,Kolkata,Bhubaneswar,Medium,Steel Coils,18.8,447.3,21579,2024-04-14,Speedway Logistics
SHP00351,Kolkata,Bhubaneswar,Medium,Auto Parts,16.7,443.2,18976,2024-04-12,Shivam Freight Co
SHP00352,Kolkata,Bhubaneswar,Medium,Textiles,10.0,443.6,11224,2024-04-08,Shivam Freight Co
SHP00353,Ahmedabad,Mumbai,Medium,Packaged Foods,13.3,522.6,17849,2024-04-08,Speedway Logistics
SHP00354,Ahmedabad,Mumbai,Medium,Cement,15.4,534.6,21621,2024-04-11,Om Sai Transport
SHP00355,Ahmedabad,Mumbai,Medium,Auto Parts,14.4,522.2,19361,2024-04-12,Trident Carriers
SHP00356,Mumbai,Delhi,Long,Cement,9.0,1386.2,24181,2024-04-08,Om Sai Transport
SHP00357,Mumbai,Delhi,Long,Auto Parts,9.8,1391.3,27679,2024-04-08,Bharat Roadways
SHP00358,Mumbai,Delhi,Long,Packaged Foods,11.3,1388.1,30249,2024-04-13,Om Sai Transport
SHP00359,Mumbai,Delhi,Long,Auto Parts,20.6,1393.0,56401,2024-04-11,Bharat Roadways
SHP00360,Mumbai,Delhi,Long,FMCG Cartons,17.6,1410.2,49049,2024-04-13,Bharat Roadways
SHP00361,Mumbai,Pune,Short,Cement,10.7,149.4,5812,2024-04-21,Bharat Roadways
SHP00362,Mumbai,Pune,Short,Textiles,15.0,152.9,8212,2024-04-18,Om Sai Transport
SHP00363,Mumbai,Pune,Short,Steel Coils,12.2,151.9,6489,2024-04-17,Bharat Roadways
SHP00364,Delhi,Jaipur,Short,Steel Coils,19.0,279.1,17234,2024-04-15,Speedway Logistics
SHP00365,Delhi,Jaipur,Short,Packaged Foods,16.7,275.2,14553,2024-04-20,Bharat Roadways
SHP00366,Delhi,Jaipur,Short,Steel Coils,9.6,277.1,8420,2024-04-19,Bharat Roadways
SHP00367,Chennai,Bangalore,Medium,Textiles,19.6,347.0,18624,2024-04-17,Shivam Freight Co
SHP00368,Chennai,Bangalore,Medium,Packaged Foods,19.6,353.8,18433,2024-04-16,Shivam Freight Co
SHP00369,Chennai,Bangalore,Medium,Packaged Foods,12.9,346.1,11741,2024-04-19,Speedway Logistics
SHP00370,Kolkata,Bhubaneswar,Medium,Packaged Foods,9.6,441.0,11061,2024-04-20,Om Sai Transport
SHP00371,Kolkata,Bhubaneswar,Medium,FMCG Cartons,13.1,445.0,15296,2024-04-16,Om Sai Transport
SHP00372,Kolkata,Bhubaneswar,Medium,FMCG Cartons,16.0,434.4,18045,2024-04-16,Speedway Logistics
SHP00373,Kolkata,Bhubaneswar,Medium,Textiles,20.9,445.4,24641,2024-04-18,Shivam Freight Co
SHP00374,Kolkata,Bhubaneswar,Medium,Cement,12.2,433.6,13702,2024-04-20,Om Sai Transport
SHP00375,Ahmedabad,Mumbai,Medium,Textiles,11.5,534.8,14961,2024-04-20,Shivam Freight Co
SHP00376,Ahmedabad,Mumbai,Medium,Packaged Foods,9.9,520.2,12937,2024-04-19,Shivam Freight Co
SHP00377,Ahmedabad,Mumbai,Medium,Cement,11.7,524.0,15493,2024-04-17,Speedway Logistics
SHP00378,Ahmedabad,Mumbai,Medium,Auto Parts,21.5,539.3,27946,2024-04-21,Speedway Logistics
SHP00379,Mumbai,Delhi,Long,FMCG Cartons,20.9,1383.5,59958,2024-04-21,Om Sai Transport
SHP00380,Mumbai,Delhi,Long,Textiles,17.4,1398.1,49709,2024-04-17,Om Sai Transport
SHP00381,Mumbai,Delhi,Long,FMCG Cartons,19.4,1398.1,56815,2024-04-21,Speedway Logistics
SHP00382,Mumbai,Delhi,Long,Packaged Foods,14.4,1392.8,41614,2024-04-16,Speedway Logistics
SHP00383,Mumbai,Delhi,Long,Auto Parts,16.2,1372.9,46207,2024-04-20,Trident Carriers
SHP00384,Mumbai,Pune,Short,Packaged Foods,16.4,148.4,7950,2024-04-26,Trident Carriers
SHP00385,Mumbai,Pune,Short,Packaged Foods,19.7,148.5,9976,2024-04-27,Om Sai Transport
SHP00386,Mumbai,Pune,Short,Packaged Foods,18.5,149.8,9112,2024-04-23,Shivam Freight Co
SHP00387,Delhi,Jaipur,Short,Cement,21.9,284.4,19336,2024-04-26,Bharat Roadways
SHP00388,Delhi,Jaipur,Short,Steel Coils,17.7,285.0,15484,2024-04-25,Speedway Logistics
SHP00389,Delhi,Jaipur,Short,FMCG Cartons,11.0,275.2,8993,2024-04-25,Bharat Roadways
SHP00390,Delhi,Jaipur,Short,Packaged Foods,17.7,281.3,15150,2024-04-25,Om Sai Transport
SHP00391,Chennai,Bangalore,Medium,Textiles,9.2,350.7,8382,2024-04-24,Trident Carriers
SHP00392,Chennai,Bangalore,Medium,Steel Coils,19.6,343.2,17627,2024-04-28,Bharat Roadways
SHP00393,Chennai,Bangalore,Medium,Textiles,15.8,355.9,14357,2024-04-26,Trident Carriers
SHP00394,Kolkata,Bhubaneswar,Medium,Steel Coils,13.8,438.2,15343,2024-04-26,Speedway Logistics
SHP00395,Kolkata,Bhubaneswar,Medium,Packaged Foods,19.8,436.5,21498,2024-04-28,Bharat Roadways
SHP00396,Kolkata,Bhubaneswar,Medium,Packaged Foods,13.9,432.8,15399,2024-04-22,Bharat Roadways
SHP00397,Kolkata,Bhubaneswar,Medium,FMCG Cartons,10.1,443.6,11669,2024-04-27,Shivam Freight Co
SHP00398,Ahmedabad,Mumbai,Medium,Textiles,12.0,538.9,17421,2024-04-27,Om Sai Transport
SHP00399,Ahmedabad,Mumbai,Medium,Textiles,21.0,525.1,29328,2024-04-24,Shivam Freight Co
SHP00400,Ahmedabad,Mumbai,Medium,Steel Coils,11.3,533.4,16189,2024-04-22,Shivam Freight Co
SHP00401,Mumbai,Delhi,Long,Textiles,14.2,1411.9,40865,2024-04-23,Speedway Logistics
SHP00402,Mumbai,Delhi,Long,FMCG Cartons,20.0,1403.7,59337,2024-04-26,Om Sai Transport
SHP00403,Mumbai,Delhi,Long,Cement,10.8,1414.3,32881,2024-04-27,Shivam Freight Co
SHP00404,Mumbai,Pune,Short,Textiles,14.7,147.3,7797,2024-05-01,Shivam Freight Co
SHP00405,Mumbai,Pune,Short,Packaged Foods,14.2,152.7,7778,2024-04-29,Trident Carriers
SHP00406,Mumbai,Pune,Short,Auto Parts,14.9,151.7,7847,2024-05-03,Om Sai Transport
SHP00407,Mumbai,Pune,Short,Textiles,16.6,148.1,8614,2024-05-05,Trident Carriers
SHP00408,Mumbai,Pune,Short,Auto Parts,18.3,151.8,9558,2024-04-30,Speedway Logistics
SHP00409,Delhi,Jaipur,Short,FMCG Cartons,10.2,278.4,8957,2024-05-02,Trident Carriers
SHP00410,Delhi,Jaipur,Short,Textiles,10.1,275.5,8514,2024-05-03,Shivam Freight Co
SHP00411,Delhi,Jaipur,Short,Textiles,9.3,279.0,7903,2024-04-29,Shivam Freight Co
SHP00412,Delhi,Jaipur,Short,Auto Parts,20.2,283.2,17063,2024-05-02,Bharat Roadways
SHP00413,Delhi,Jaipur,Short,Textiles,16.3,282.5,14567,2024-04-30,Shivam Freight Co
SHP00414,Chennai,Bangalore,Medium,Cement,12.5,345.4,11666,2024-04-30,Speedway Logistics
SHP00415,Chennai,Bangalore,Medium,FMCG Cartons,14.5,349.1,13857,2024-04-29,Trident Carriers
SHP00416,Chennai,Bangalore,Medium,Steel Coils,18.4,356.2,17954,2024-05-03,Om Sai Transport
SHP00417,Kolkata,Bhubaneswar,Medium,FMCG Cartons,14.1,431.3,15665,2024-05-02,Om Sai Transport
SHP00418,Kolkata,Bhubaneswar,Medium,Steel Coils,19.6,437.1,22092,2024-05-03,Trident Carriers
SHP00419,Kolkata,Bhubaneswar,Medium,Steel Coils,21.3,436.8,23063,2024-05-01,Om Sai Transport
SHP00420,Ahmedabad,Mumbai,Medium,FMCG Cartons,15.4,534.1,20718,2024-04-30,Om Sai Transport
SHP00421,Ahmedabad,Mumbai,Medium,Steel Coils,19.2,525.3,25085,2024-05-03,Shivam Freight Co
SHP00422,Ahmedabad,Mumbai,Medium,Packaged Foods,11.3,540.5,15561,2024-04-29,Om Sai Transport
SHP00423,Ahmedabad,Mumbai,Medium,Packaged Foods,11.7,539.4,16107,2024-05-05,Bharat Roadways
SHP00424,Mumbai,Delhi,Long,Packaged Foods,12.9,1379.8,36445,2024-04-30,Om Sai Transport
SHP00425,Mumbai,Delhi,Long,Textiles,10.0,1416.2,30300,2024-05-02,Om Sai Transport
SHP00426,Mumbai,Delhi,Long,Textiles,21.0,1401.9,62544,2024-05-02,Bharat Roadways
SHP00427,Mumbai,Delhi,Long,Textiles,13.7,1416.3,41284,2024-05-03,Bharat Roadways
SHP00428,Mumbai,Pune,Short,Textiles,13.6,150.9,7191,2024-05-06,Om Sai Transport
SHP00429,Mumbai,Pune,Short,Cement,13.3,152.8,7184,2024-05-06,Bharat Roadways
SHP00430,Mumbai,Pune,Short,Packaged Foods,15.6,148.6,8060,2024-05-10,Shivam Freight Co
SHP00431,Delhi,Jaipur,Short,Steel Coils,19.0,278.8,16437,2024-05-10,Trident Carriers
SHP00432,Delhi,Jaipur,Short,Cement,15.3,285.6,13322,2024-05-06,Speedway Logistics
SHP00433,Delhi,Jaipur,Short,Auto Parts,13.5,278.3,11794,2024-05-10,Trident Carriers
SHP00434,Chennai,Bangalore,Medium,Packaged Foods,14.9,353.1,13391,2024-05-06,Bharat Roadways
SHP00435,Chennai,Bangalore,Medium,Steel Coils,13.5,343.3,11827,2024-05-12,Speedway Logistics
SHP00436,Chennai,Bangalore,Medium,Auto Parts,16.2,350.2,14674,2024-05-09,Speedway Logistics
SHP00437,Chennai,Bangalore,Medium,Auto Parts,17.2,354.2,15620,2024-05-11,Om Sai Transport
SHP00438,Kolkata,Bhubaneswar,Medium,Packaged Foods,14.8,446.7,17441,2024-05-06,Speedway Logistics
SHP00439,Kolkata,Bhubaneswar,Medium,Textiles,18.8,434.8,22058,2024-05-06,Bharat Roadways
SHP00440,Kolkata,Bhubaneswar,Medium,Auto Parts,16.0,445.3,18724,2024-05-07,Bharat Roadways
SHP00441,Ahmedabad,Mumbai,Medium,Textiles,21.6,529.8,29249,2024-05-09,Om Sai Transport
SHP00442,Ahmedabad,Mumbai,Medium,Steel Coils,13.5,531.8,18942,2024-05-10,Trident Carriers
SHP00443,Ahmedabad,Mumbai,Medium,Cement,16.7,538.9,23503,2024-05-08,Speedway Logistics
SHP00444,Ahmedabad,Mumbai,Medium,Auto Parts,11.4,525.9,15677,2024-05-10,Om Sai Transport
SHP00445,Mumbai,Delhi,Long,Packaged Foods,11.4,1393.5,31880,2024-05-11,Speedway Logistics
SHP00446,Mumbai,Delhi,Long,Auto Parts,15.4,1403.1,42084,2024-05-08,Shivam Freight Co
SHP00447,Mumbai,Delhi,Long,Steel Coils,13.7,1375.0,36395,2024-05-07,Om Sai Transport
SHP00448,Mumbai,Delhi,Long,Auto Parts,15.6,1426.0,44269,2024-05-11,Om Sai Transport
SHP00449,Mumbai,Delhi,Long,Cement,14.8,1411.8,40763,2024-05-10,Speedway Logistics
SHP00450,Mumbai,Pune,Short,Packaged Foods,12.8,148.3,6317,2024-05-17,Om Sai Transport
SHP00451,Mumbai,Pune,Short,Textiles,10.5,150.3,5046,2024-05-19,Trident Carriers
SHP00452,Mumbai,Pune,Short,Textiles,18.8,150.3,9392,2024-05-16,Speedway Logistics
SHP00453,Mumbai,Pune,Short,Steel Coils,10.3,152.9,5256,2024-05-19,Trident Carriers
SHP00454,Delhi,Jaipur,Short,Steel Coils,19.6,278.3,16780,2024-05-13,Speedway Logistics
SHP00455,Delhi,Jaipur,Short,Textiles,16.6,283.5,14400,2024-05-18,Om Sai Transport
SHP00456,Delhi,Jaipur,Short,Cement,10.8,276.3,9051,2024-05-14,Shivam Freight Co
SHP00457,Chennai,Bangalore,Medium,FMCG Cartons,11.2,351.4,10960,2024-05-15,Shivam Freight Co
SHP00458,Chennai,Bangalore,Medium,Cement,20.2,346.7,19510,2024-05-18,Speedway Logistics
SHP00459,Chennai,Bangalore,Medium,Packaged Foods,19.2,356.5,18994,2024-05-15,Speedway Logistics
SHP00460,Chennai,Bangalore,Medium,Steel Coils,10.7,352.8,10002,2024-05-15,Om Sai Transport
SHP00461,Kolkata,Bhubaneswar,Medium,Packaged Foods,17.2,442.3,19070,2024-05-13,Bharat Roadways
SHP00462,Kolkata,Bhubaneswar,Medium,Auto Parts,18.7,438.3,20942,2024-05-15,Om Sai Transport
SHP00463,Kolkata,Bhubaneswar,Medium,Cement,9.0,437.0,10096,2024-05-18,Om Sai Transport
SHP00464,Kolkata,Bhubaneswar,Medium,Textiles,18.1,442.4,20648,2024-05-19,Om Sai Transport
SHP00465,Ahmedabad,Mumbai,Medium,FMCG Cartons,15.4,536.9,21641,2024-05-15,Shivam Freight Co
SHP00466,Ahmedabad,Mumbai,Medium,Packaged Foods,16.4,531.7,23048,2024-05-15,Bharat Roadways
SHP00467,Ahmedabad,Mumbai,Medium,Cement,17.1,520.4,24017,2024-05-13,Speedway Logistics
SHP00468,Mumbai,Delhi,Long,Packaged Foods,14.6,1427.5,43843,2024-05-14,Trident Carriers
SHP00469,Mumbai,Delhi,Long,FMCG Cartons,21.1,1380.9,58716,2024-05-18,Trident Carriers
SHP00470,Mumbai,Delhi,Long,Auto Parts,17.6,1376.6,49937,2024-05-13,Trident Carriers
SHP00471,Mumbai,Delhi,Long,Packaged Foods,18.8,1412.7,54026,2024-05-13,Bharat Roadways
SHP00472,Mumbai,Pune,Short,Cement,16.7,147.5,8193,2024-05-23,Bharat Roadways
SHP00473,Mumbai,Pune,Short,Packaged Foods,19.6,151.2,10133,2024-05-23,Speedway Logistics
SHP00474,Mumbai,Pune,Short,Cement,12.0,149.9,5828,2024-05-26,Bharat Roadways
SHP00475,Delhi,Jaipur,Short,Steel Coils,14.0,277.8,12153,2024-05-26,Speedway Logistics
SHP00476,Delhi,Jaipur,Short,Auto Parts,16.3,275.2,13850,2024-05-21,Trident Carriers
SHP00477,Delhi,Jaipur,Short,Textiles,17.2,282.5,14592,2024-05-23,Om Sai Transport
SHP00478,Delhi,Jaipur,Short,Cement,10.1,284.0,8587,2024-05-26,Shivam Freight Co
SHP00479,Chennai,Bangalore,Medium,Packaged Foods,13.1,356.5,12222,2024-05-22,Bharat Roadways
SHP00480,Chennai,Bangalore,Medium,Packaged Foods,16.8,346.5,15778,2024-05-22,Bharat Roadways
SHP00481,Chennai,Bangalore,Medium,Textiles,17.6,354.9,16510,2024-05-24,Shivam Freight Co
SHP00482,Chennai,Bangalore,Medium,Steel Coils,14.1,345.6,13149,2024-05-26,Om Sai Transport
SHP00483,Chennai,Bangalore,Medium,Textiles,12.1,348.4,11370,2024-05-20,Bharat Roadways
SHP00484,Kolkata,Bhubaneswar,Medium,Textiles,20.2,433.5,23654,2024-05-22,Speedway Logistics
SHP00485,Kolkata,Bhubaneswar,Medium,Textiles,21.4,444.6,26012,2024-05-20,Bharat Roadways
SHP00486,Kolkata,Bhubaneswar,Medium,Auto Parts,11.8,431.4,14042,2024-05-26,Shivam Freight Co
SHP00487,Kolkata,Bhubaneswar,Medium,Packaged Foods,18.3,436.2,21819,2024-05-23,Om Sai Transport
SHP00488,Ahmedabad,Mumbai,Medium,Textiles,11.0,530.8,14680,2024-05-20,Speedway Logistics
SHP00489,Ahmedabad,Mumbai,Medium,Packaged Foods,11.0,540.1,15161,2024-05-24,Bharat Roadways
SHP00490,Ahmedabad,Mumbai,Medium,Cement,14.7,526.0,20481,2024-05-21,Speedway Logistics
SHP00491,Mumbai,Delhi,Long,Packaged Foods,17.0,1378.5,48347,2024-05-25,Speedway Logistics
SHP00492,Mumbai,Delhi,Long,Auto Parts,18.2,1378.7,53830,2024-05-21,Trident Carriers
SHP00493,Mumbai,Delhi,Long,FMCG Cartons,19.2,1401.3,57784,2024-05-21,Speedway Logistics
SHP00494,Mumbai,Pune,Short,FMCG Cartons,20.5,148.6,10763,2024-05-27,Om Sai Transport
SHP00495,Mumbai,Pune,Short,Packaged Foods,9.8,148.6,5127,2024-05-31,Bharat Roadways
SHP00496,Mumbai,Pune,Short,Textiles,15.6,150.0,7918,2024-06-02,Speedway Logistics
SHP00497,Mumbai,Pune,Short,Packaged Foods,12.3,149.2,6228,2024-05-31,Bharat Roadways
SHP00498,Mumbai,Pune,Short,Cement,15.6,148.4,7828,2024-06-02,Speedway Logistics
SHP00499,Delhi,Jaipur,Short,Cement,11.0,278.7,9728,2024-06-02,Shivam Freight Co
SHP00500,Delhi,Jaipur,Short,FMCG Cartons,18.3,283.4,16191,2024-05-28,Speedway Logistics
SHP00501,Delhi,Jaipur,Short,Textiles,18.4,279.1,15666,2024-05-27,Trident Carriers
SHP00502,Chennai,Bangalore,Medium,Auto Parts,11.3,355.6,11049,2024-05-27,Bharat Roadways
SHP00503,Chennai,Bangalore,Medium,FMCG Cartons,20.3,355.3,19797,2024-05-29,Bharat Roadways
SHP00504,Chennai,Bangalore,Medium,FMCG Cartons,9.1,350.7,8463,2024-05-31,Shivam Freight Co
SHP00505,Kolkata,Bhubaneswar,Medium,Packaged Foods,15.4,441.6,17919,2024-05-28,Shivam Freight Co
SHP00506,Kolkata,Bhubaneswar,Medium,Cement,12.2,444.6,13646,2024-05-30,Speedway Logistics
SHP00507,Kolkata,Bhubaneswar,Medium,FMCG Cartons,17.3,440.7,19995,2024-05-27,Bharat Roadways
SHP00508,Ahmedabad,Mumbai,Medium,Auto Parts,13.0,535.0,17249,2024-05-28,Om Sai Transport
SHP00509,Ahmedabad,Mumbai,Medium,Cement,21.6,539.8,28806,2024-05-29,Bharat Roadways
SHP00510,Ahmedabad,Mumbai,Medium,FMCG Cartons,20.7,538.9,28198,2024-06-01,Om Sai Transport
SHP00511,Ahmedabad,Mumbai,Medium,Packaged Foods,10.1,540.1,13438,2024-05-28,Om Sai Transport
SHP00512,Ahmedabad,Mumbai,Medium,Steel Coils,16.4,521.0,21488,2024-05-28,Trident Carriers
SHP00513,Mumbai,Delhi,Long,FMCG Cartons,14.1,1423.9,43156,2024-05-29,Om Sai Transport
SHP00514,Mumbai,Delhi,Long,Textiles,10.0,1387.2,28714,2024-06-02,Bharat Roadways
SHP00515,Mumbai,Delhi,Long,Cement,11.1,1380.7,32234,2024-05-30,Shivam Freight Co
SHP00516,Mumbai,Delhi,Long,FMCG Cartons,19.0,1392.1,55584,2024-05-30,Bharat Roadways
SHP00517,Mumbai,Pune,Short,Steel Coils,19.7,151.1,9960,2024-06-03,Trident Carriers
SHP00518,Mumbai,Pune,Short,Textiles,18.2,147.9,9152,2024-06-06,Bharat Roadways
SHP00519,Mumbai,Pune,Short,Auto Parts,12.4,151.1,6378,2024-06-03,Om Sai Transport
SHP00520,Delhi,Jaipur,Short,Cement,15.0,277.2,13385,2024-06-04,Bharat Roadways
SHP00521,Delhi,Jaipur,Short,Auto Parts,19.2,275.1,16421,2024-06-04,Trident Carriers
SHP00522,Delhi,Jaipur,Short,FMCG Cartons,21.2,282.1,18436,2024-06-07,Bharat Roadways
SHP00523,Delhi,Jaipur,Short,Steel Coils,9.8,274.6,8713,2024-06-06,Bharat Roadways
SHP00524,Delhi,Jaipur,Short,Auto Parts,19.8,284.5,17629,2024-06-03,Bharat Roadways
SHP00525,Chennai,Bangalore,Medium,Packaged Foods,18.4,349.1,17928,2024-06-06,Om Sai Transport
SHP00526,Chennai,Bangalore,Medium,Auto Parts,11.8,345.4,11164,2024-06-05,Speedway Logistics
SHP00527,Chennai,Bangalore,Medium,Auto Parts,17.0,343.5,16053,2024-06-05,Om Sai Transport
SHP00528,Kolkata,Bhubaneswar,Medium,Textiles,14.0,432.7,15648,2024-06-08,Speedway Logistics
SHP00529,Kolkata,Bhubaneswar,Medium,Packaged Foods,19.4,442.3,22666,2024-06-06,Trident Carriers
SHP00530,Kolkata,Bhubaneswar,Medium,Textiles,19.2,439.6,21703,2024-06-07,Trident Carriers
SHP00531,Kolkata,Bhubaneswar,Medium,Cement,11.3,438.0,12707,2024-06-04,Trident Carriers
SHP00532,Kolkata,Bhubaneswar,Medium,Textiles,21.9,432.2,24612,2024-06-09,Speedway Logistics
SHP00533,Ahmedabad,Mumbai,Medium,Cement,12.5,533.3,16767,2024-06-08,Speedway Logistics
SHP00534,Ahmedabad,Mumbai,Medium,Steel Coils,21.8,531.6,28415,2024-06-09,Speedway Logistics
SHP00535,Ahmedabad,Mumbai,Medium,Textiles,13.1,524.4,17199,2024-06-05,Bharat Roadways
SHP00536,Mumbai,Delhi,Long,Auto Parts,16.3,1425.1,48567,2024-06-04,Shivam Freight Co
SHP00537,Mumbai,Delhi,Long,Textiles,15.4,1389.3,43468,2024-06-04,Speedway Logistics
SHP00538,Mumbai,Delhi,Long,Steel Coils,15.2,1373.1,43033,2024-06-07,Speedway Logistics
SHP00539,Mumbai,Delhi,Long,FMCG Cartons,11.3,1391.1,33336,2024-06-09,Bharat Roadways
SHP00540,Mumbai,Delhi,Long,Cement,16.6,1373.2,48668,2024-06-09,Shivam Freight Co
SHP00541,Mumbai,Pune,Short,FMCG Cartons,21.2,149.2,11081,2024-06-10,Trident Carriers
SHP00542,Mumbai,Pune,Short,Packaged Foods,21.7,148.9,11549,2024-06-13,Om Sai Transport
SHP00543,Mumbai,Pune,Short,Textiles,11.3,150.9,6180,2024-06-15,Trident Carriers
SHP00544,Mumbai,Pune,Short,Packaged Foods,16.7,148.3,8561,2024-06-12,Trident Carriers
SHP00545,Delhi,Jaipur,Short,Textiles,18.1,274.4,15065,2024-06-16,Bharat Roadways
SHP00546,Delhi,Jaipur,Short,Steel Coils,13.1,276.4,11138,2024-06-14,Shivam Freight Co
SHP00547,Delhi,Jaipur,Short,Steel Coils,15.5,275.6,12770,2024-06-10,Trident Carriers
SHP00548,Chennai,Bangalore,Medium,Packaged Foods,10.2,355.4,9647,2024-06-15,Trident Carriers
SHP00549,Chennai,Bangalore,Medium,FMCG Cartons,12.4,349.3,11213,2024-06-10,Trident Carriers
SHP00550,Chennai,Bangalore,Medium,Packaged Foods,18.4,354.0,16655,2024-06-13,Om Sai Transport
SHP00551,Chennai,Bangalore,Medium,FMCG Cartons,20.5,356.6,19205,2024-06-13,Shivam Freight Co
SHP00552,Kolkata,Bhubaneswar,Medium,Steel Coils,20.2,439.6,22554,2024-06-15,Speedway Logistics
SHP00553,Kolkata,Bhubaneswar,Medium,FMCG Cartons,19.4,439.1,20842,2024-06-10,Trident Carriers
SHP00554,Kolkata,Bhubaneswar,Medium,Steel Coils,10.0,447.9,11051,2024-06-13,Bharat Roadways
SHP00555,Kolkata,Bhubaneswar,Medium,Textiles,20.7,440.8,22407,2024-06-14,Om Sai Transport
SHP00556,Ahmedabad,Mumbai,Medium,Cement,11.1,539.4,15039,2024-06-11,Bharat Roadways
SHP00557,Ahmedabad,Mumbai,Medium,Packaged Foods,21.7,526.4,27883,2024-06-14,Shivam Freight Co
SHP00558,Ahmedabad,Mumbai,Medium,Auto Parts,12.7,525.0,16107,2024-06-10,Shivam Freight Co
SHP00559,Ahmedabad,Mumbai,Medium,Auto Parts,15.4,531.1,19537,2024-06-10,Bharat Roadways
SHP00560,Ahmedabad,Mumbai,Medium,Cement,17.6,525.6,22840,2024-06-11,Bharat Roadways
SHP00561,Mumbai,Delhi,Long,Auto Parts,10.1,1388.3,28565,2024-06-12,Om Sai Transport
SHP00562,Mumbai,Delhi,Long,Auto Parts,17.6,1399.4,47955,2024-06-14,Speedway Logistics
SHP00563,Mumbai,Delhi,Long,FMCG Cartons,14.0,1392.8,38189,2024-06-10,Om Sai Transport
SHP00564,Mumbai,Pune,Short,Packaged Foods,16.3,152.0,8091,2024-06-22,Bharat Roadways
SHP00565,Mumbai,Pune,Short,Textiles,13.5,147.5,6659,2024-06-23,Speedway Logistics
SHP00566,Mumbai,Pune,Short,Textiles,19.9,150.3,10167,2024-06-20,Om Sai Transport
SHP00567,Mumbai,Pune,Short,Packaged Foods,12.1,150.4,5997,2024-06-20,Bharat Roadways
SHP00568,Delhi,Jaipur,Short,Cement,16.4,280.2,14742,2024-06-18,Om Sai Transport
SHP00569,Delhi,Jaipur,Short,Steel Coils,21.8,276.3,19311,2024-06-23,Speedway Logistics
SHP00570,Delhi,Jaipur,Short,Packaged Foods,10.0,274.9,8665,2024-06-18,Speedway Logistics
SHP00571,Delhi,Jaipur,Short,Cement,12.4,283.7,11238,2024-06-23,Bharat Roadways
SHP00572,Delhi,Jaipur,Short,Textiles,14.2,278.7,12210,2024-06-19,Om Sai Transport
SHP00573,Chennai,Bangalore,Medium,Steel Coils,15.8,351.7,15273,2024-06-20,Speedway Logistics
SHP00574,Chennai,Bangalore,Medium,Cement,16.6,350.9,16537,2024-06-17,Shivam Freight Co
SHP00575,Chennai,Bangalore,Medium,Auto Parts,19.2,353.9,19181,2024-06-19,Trident Carriers
SHP00576,Kolkata,Bhubaneswar,Medium,Steel Coils,15.1,441.3,17195,2024-06-20,Shivam Freight Co
SHP00577,Kolkata,Bhubaneswar,Medium,Packaged Foods,18.0,441.9,20358,2024-06-19,Speedway Logistics
SHP00578,Kolkata,Bhubaneswar,Medium,Cement,15.2,432.1,17048,2024-06-19,Trident Carriers
SHP00579,Kolkata,Bhubaneswar,Medium,Packaged Foods,12.9,445.6,14931,2024-06-20,Bharat Roadways
SHP00580,Ahmedabad,Mumbai,Medium,Packaged Foods,14.8,540.1,20174,2024-06-19,Om Sai Transport
SHP00581,Ahmedabad,Mumbai,Medium,Auto Parts,10.2,532.2,13391,2024-06-23,Om Sai Transport
SHP00582,Ahmedabad,Mumbai,Medium,Steel Coils,20.3,535.5,27428,2024-06-21,Bharat Roadways
SHP00583,Mumbai,Delhi,Long,Cement,19.1,1394.6,55602,2024-06-21,Speedway Logistics
SHP00584,Mumbai,Delhi,Long,Cement,19.8,1382.8,58223,2024-06-18,Om Sai Transport
SHP00585,Mumbai,Delhi,Long,Auto Parts,13.7,1374.8,38550,2024-06-19,Shivam Freight Co
SHP00586,Mumbai,Delhi,Long,FMCG Cartons,21.0,1394.2,61690,2024-06-18,Om Sai Transport
SHP00587,Mumbai,Pune,Short,Steel Coils,15.2,152.8,7887,2024-06-26,Trident Carriers
SHP00588,Mumbai,Pune,Short,Cement,18.0,151.5,9113,2024-06-27,Speedway Logistics
SHP00589,Mumbai,Pune,Short,Packaged Foods,19.1,152.1,9666,2024-06-25,Speedway Logistics
SHP00590,Mumbai,Pune,Short,Packaged Foods,12.5,151.1,6359,2024-06-24,Bharat Roadways
SHP00591,Mumbai,Pune,Short,Cement,10.7,149.8,5320,2024-06-30,Speedway Logistics
SHP00592,Delhi,Jaipur,Short,Auto Parts,18.3,285.0,16513,2024-06-26,Om Sai Transport
SHP00593,Delhi,Jaipur,Short,Packaged Foods,15.0,283.9,13091,2024-06-26,Shivam Freight Co
SHP00594,Delhi,Jaipur,Short,Packaged Foods,14.2,283.6,12292,2024-06-28,Trident Carriers
SHP00595,Delhi,Jaipur,Short,Cement,16.7,280.7,14467,2024-06-29,Om Sai Transport
SHP00596,Chennai,Bangalore,Medium,Packaged Foods,13.2,346.9,12038,2024-06-29,Trident Carriers
SHP00597,Chennai,Bangalore,Medium,Textiles,15.7,345.6,14233,2024-06-24,Om Sai Transport
SHP00598,Chennai,Bangalore,Medium,Auto Parts,17.8,352.2,16927,2024-06-29,Trident Carriers
SHP00599,Kolkata,Bhubaneswar,Medium,Steel Coils,18.6,438.3,21995,2024-06-28,Trident Carriers
SHP00600,Kolkata,Bhubaneswar,Medium,Auto Parts,11.9,444.0,14214,2024-06-30,Trident Carriers
SHP00601,Kolkata,Bhubaneswar,Medium,Steel Coils,20.0,440.1,24113,2024-06-28,Trident Carriers
SHP00602,Kolkata,Bhubaneswar,Medium,Textiles,10.7,432.9,12255,2024-06-30,Speedway Logistics
SHP00603,Ahmedabad,Mumbai,Medium,FMCG Cartons,11.9,533.3,16423,2024-06-30,Om Sai Transport
SHP00604,Ahmedabad,Mumbai,Medium,Auto Parts,13.3,536.1,18493,2024-06-26,Bharat Roadways
SHP00605,Ahmedabad,Mumbai,Medium,Cement,20.3,529.4,28422,2024-06-28,Om Sai Transport
SHP00606,Ahmedabad,Mumbai,Medium,Textiles,15.5,538.3,22441,2024-06-27,Trident Carriers
SHP00607,Ahmedabad,Mumbai,Medium,FMCG Cartons,20.3,528.2,27625,2024-06-25,Om Sai Transport
SHP00608,Mumbai,Delhi,Long,Cement,10.9,1427.3,33611,2024-06-25,Om Sai Transport
SHP00609,Mumbai,Delhi,Long,Cement,21.8,1390.6,63381,2024-06-24,Om Sai Transport
SHP00610,Mumbai,Delhi,Long,Steel Coils,18.9,1387.3,54338,2024-06-30,Om Sai Transport
SHP00611,Mumbai,Delhi,Long,Packaged Foods,19.1,1416.0,55914,2024-06-27,Om Sai Transport
SHP00612,Mumbai,Delhi,Long,Textiles,21.5,1394.6,62955,2024-06-24,Speedway Logistics
SHP00613,Mumbai,Pune,Short,Cement,13.2,147.1,6665,2024-07-02,Bharat Roadways
SHP00614,Mumbai,Pune,Short,FMCG Cartons,12.2,150.8,6264,2024-07-03,Speedway Logistics
SHP00615,Mumbai,Pune,Short,Cement,15.5,147.6,7610,2024-07-01,Trident Carriers
SHP00616,Mumbai,Pune,Short,FMCG Cartons,14.9,152.7,7667,2024-07-05,Om Sai Transport
SHP00617,Mumbai,Pune,Short,FMCG Cartons,21.9,152.3,11119,2024-07-04,Speedway Logistics
SHP00618,Delhi,Jaipur,Short,Steel Coils,14.2,284.7,12770,2024-07-06,Speedway Logistics
SHP00619,Delhi,Jaipur,Short,Packaged Foods,16.7,282.6,14854,2024-07-03,Bharat Roadways
SHP00620,Delhi,Jaipur,Short,Cement,17.3,278.6,15729,2024-07-05,Shivam Freight Co
SHP00621,Chennai,Bangalore,Medium,Auto Parts,9.3,352.1,9058,2024-07-04,Om Sai Transport
SHP00622,Chennai,Bangalore,Medium,Packaged Foods,12.3,344.7,11736,2024-07-02,Bharat Roadways
SHP00623,Chennai,Bangalore,Medium,Textiles,17.6,347.2,16876,2024-07-03,Shivam Freight Co
SHP00624,Kolkata,Bhubaneswar,Medium,FMCG Cartons,10.4,445.8,11858,2024-07-01,Bharat Roadways
SHP00625,Kolkata,Bhubaneswar,Medium,FMCG Cartons,15.5,445.0,17527,2024-07-07,Shivam Freight Co
SHP00626,Kolkata,Bhubaneswar,Medium,Cement,13.7,448.3,15421,2024-07-02,Shivam Freight Co
SHP00627,Kolkata,Bhubaneswar,Medium,Steel Coils,11.7,439.9,13331,2024-07-03,Bharat Roadways
SHP00628,Kolkata,Bhubaneswar,Medium,Packaged Foods,10.2,431.4,10849,2024-07-05,Om Sai Transport
SHP00629,Ahmedabad,Mumbai,Medium,Packaged Foods,10.0,535.9,14347,2024-07-03,Speedway Logistics
SHP00630,Ahmedabad,Mumbai,Medium,Cement,21.7,529.1,29901,2024-07-01,Speedway Logistics
SHP00631,Ahmedabad,Mumbai,Medium,FMCG Cartons,20.1,537.9,28322,2024-07-06,Om Sai Transport
SHP00632,Mumbai,Delhi,Long,Packaged Foods,20.6,1419.7,56402,2024-07-02,Speedway Logistics
SHP00633,Mumbai,Delhi,Long,Packaged Foods,20.6,1390.4,58466,2024-07-03,Bharat Roadways
SHP00634,Mumbai,Delhi,Long,Auto Parts,13.5,1392.9,36498,2024-07-04,Trident Carriers
SHP00635,Mumbai,Delhi,Long,Packaged Foods,18.0,1418.8,50679,2024-07-04,Speedway Logistics
SHP00636,Mumbai,Delhi,Long,Steel Coils,18.1,1378.3,48258,2024-07-07,Bharat Roadways
SHP00637,Mumbai,Pune,Short,Auto Parts,16.4,149.9,8601,2024-07-12,Trident Carriers
SHP00638,Mumbai,Pune,Short,Steel Coils,20.2,150.7,10934,2024-07-13,Om Sai Transport
SHP00639,Mumbai,Pune,Short,Cement,10.5,152.5,5593,2024-07-08,Trident Carriers
SHP00640,Mumbai,Pune,Short,Packaged Foods,9.2,150.9,4983,2024-07-12,Shivam Freight Co
SHP00641,Delhi,Jaipur,Short,Packaged Foods,17.7,285.4,15589,2024-07-12,Shivam Freight Co
SHP00642,Delhi,Jaipur,Short,Packaged Foods,17.6,275.5,14882,2024-07-10,Om Sai Transport
SHP00643,Delhi,Jaipur,Short,Cement,19.7,276.1,17348,2024-07-12,Bharat Roadways
SHP00644,Delhi,Jaipur,Short,Auto Parts,11.0,281.6,9855,2024-07-14,Speedway Logistics
SHP00645,Delhi,Jaipur,Short,Cement,15.4,275.2,13001,2024-07-10,Shivam Freight Co
SHP00646,Chennai,Bangalore,Medium,Textiles,19.6,348.3,18039,2024-07-11,Om Sai Transport
SHP00647,Chennai,Bangalore,Medium,Packaged Foods,15.5,344.2,14303,2024-07-11,Bharat Roadways
SHP00648,Chennai,Bangalore,Medium,Cement,14.4,344.4,13490,2024-07-08,Shivam Freight Co
SHP00649,Kolkata,Bhubaneswar,Medium,FMCG Cartons,16.3,446.9,19326,2024-07-11,Trident Carriers
SHP00650,Kolkata,Bhubaneswar,Medium,Textiles,19.6,445.7,23437,2024-07-10,Shivam Freight Co
SHP00651,Kolkata,Bhubaneswar,Medium,Cement,18.3,441.8,21078,2024-07-11,Bharat Roadways
SHP00652,Kolkata,Bhubaneswar,Medium,Packaged Foods,11.9,444.6,13775,2024-07-14,Trident Carriers
SHP00653,Kolkata,Bhubaneswar,Medium,Auto Parts,13.9,440.8,15725,2024-07-09,Speedway Logistics
SHP00654,Ahmedabad,Mumbai,Medium,Auto Parts,12.3,528.1,16577,2024-07-08,Speedway Logistics
SHP00655,Ahmedabad,Mumbai,Medium,Auto Parts,19.2,529.1,26751,2024-07-08,Bharat Roadways
SHP00656,Ahmedabad,Mumbai,Medium,Auto Parts,19.9,539.0,28031,2024-07-14,Om Sai Transport
SHP00657,Ahmedabad,Mumbai,Medium,Cement,21.4,533.4,29022,2024-07-11,Shivam Freight Co
SHP00658,Ahmedabad,Mumbai,Medium,Auto Parts,16.2,535.0,22439,2024-07-12,Shivam Freight Co
SHP00659,Mumbai,Delhi,Long,Textiles,19.6,1381.7,55028,2024-07-13,Shivam Freight Co
SHP00660,Mumbai,Delhi,Long,Packaged Foods,15.6,1421.4,45835,2024-07-12,Speedway Logistics
SHP00661,Mumbai,Delhi,Long,Steel Coils,21.5,1387.3,63836,2024-07-11,Speedway Logistics
SHP00662,Mumbai,Pune,Short,FMCG Cartons,15.7,152.3,8365,2024-07-19,Shivam Freight Co
SHP00663,Mumbai,Pune,Short,Packaged Foods,11.6,150.8,6041,2024-07-17,Trident Carriers
SHP00664,Mumbai,Pune,Short,Textiles,10.7,152.5,5664,2024-07-16,Shivam Freight Co
SHP00665,Mumbai,Pune,Short,Textiles,13.2,151.2,6684,2024-07-17,Om Sai Transport
SHP00666,Delhi,Jaipur,Short,Textiles,14.4,281.9,12843,2024-07-21,Trident Carriers
SHP00667,Delhi,Jaipur,Short,Cement,14.5,284.2,12471,2024-07-15,Om Sai Transport
SHP00668,Delhi,Jaipur,Short,Steel Coils,17.7,276.0,14955,2024-07-21,Trident Carriers
SHP00669,Delhi,Jaipur,Short,FMCG Cartons,10.9,282.1,9334,2024-07-21,Speedway Logistics
SHP00670,Delhi,Jaipur,Short,Textiles,9.4,282.8,8444,2024-07-15,Shivam Freight Co
SHP00671,Chennai,Bangalore,Medium,Packaged Foods,12.1,350.9,11886,2024-07-21,Trident Carriers
SHP00672,Chennai,Bangalore,Medium,Packaged Foods,9.6,352.7,9253,2024-07-18,Trident Carriers
SHP00673,Chennai,Bangalore,Medium,Textiles,9.7,356.5,9657,2024-07-16,Om Sai Transport
SHP00674,Kolkata,Bhubaneswar,Medium,Packaged Foods,17.4,443.6,21046,2024-07-19,Shivam Freight Co
SHP00675,Kolkata,Bhubaneswar,Medium,Steel Coils,18.4,434.7,21086,2024-07-18,Bharat Roadways
SHP00676,Kolkata,Bhubaneswar,Medium,Cement,11.3,434.5,13197,2024-07-18,Om Sai Transport
SHP00677,Ahmedabad,Mumbai,Medium,Auto Parts,16.6,522.2,21878,2024-07-17,Speedway Logistics
SHP00678,Ahmedabad,Mumbai,Medium,Packaged Foods,21.1,520.2,28280,2024-07-21,Shivam Freight Co
SHP00679,Ahmedabad,Mumbai,Medium,FMCG Cartons,12.9,537.3,18063,2024-07-19,Bharat Roadways
SHP00680,Ahmedabad,Mumbai,Medium,Textiles,13.1,536.0,17684,2024-07-16,Bharat Roadways
SHP00681,Mumbai,Delhi,Long,Packaged Foods,14.2,1402.4,39353,2024-07-16,Trident Carriers
SHP00682,Mumbai,Delhi,Long,Textiles,12.8,1390.5,36451,2024-07-19,Om Sai Transport
SHP00683,Mumbai,Delhi,Long,Cement,19.7,1427.8,57710,2024-07-15,Trident Carriers
SHP00684,Mumbai,Delhi,Long,Steel Coils,20.8,1397.0,58340,2024-07-19,Bharat Roadways
SHP00685,Mumbai,Delhi,Long,Auto Parts,13.2,1410.2,38047,2024-07-15,Trident Carriers
SHP00686,Mumbai,Pune,Short,Textiles,15.7,147.1,8123,2024-07-26,Om Sai Transport
SHP00687,Mumbai,Pune,Short,Textiles,12.9,149.9,6753,2024-07-24,Bharat Roadways
SHP00688,Mumbai,Pune,Short,Textiles,11.2,152.7,6081,2024-07-26,Bharat Roadways
SHP00689,Mumbai,Pune,Short,Packaged Foods,11.7,150.8,6154,2024-07-23,Om Sai Transport
SHP00690,Mumbai,Pune,Short,Auto Parts,11.7,152.0,6276,2024-07-27,Bharat Roadways
SHP00691,Delhi,Jaipur,Short,Cement,18.3,274.7,15377,2024-07-22,Speedway Logistics
SHP00692,Delhi,Jaipur,Short,FMCG Cartons,16.3,283.3,14594,2024-07-23,Om Sai Transport
SHP00693,Delhi,Jaipur,Short,Auto Parts,17.2,278.7,15021,2024-07-22,Bharat Roadways
SHP00694,Delhi,Jaipur,Short,Packaged Foods,17.3,280.4,15370,2024-07-28,Shivam Freight Co
SHP00695,Delhi,Jaipur,Short,Cement,20.0,274.9,17150,2024-07-26,Trident Carriers
SHP00696,Chennai,Bangalore,Medium,Packaged Foods,18.9,344.2,17221,2024-07-25,Bharat Roadways
SHP00697,Chennai,Bangalore,Medium,Textiles,15.9,349.6,14448,2024-07-25,Trident Carriers
SHP00698,Chennai,Bangalore,Medium,Packaged Foods,10.9,356.4,10432,2024-07-28,Trident Carriers
SHP00699,Chennai,Bangalore,Medium,Cement,9.1,356.4,8811,2024-07-23,Bharat Roadways
SHP00700,Chennai,Bangalore,Medium,FMCG Cartons,16.8,343.1,15350,2024-07-22,Speedway Logistics
SHP00701,Kolkata,Bhubaneswar,Medium,Textiles,11.8,444.0,14223,2024-07-28,Speedway Logistics
SHP00702,Kolkata,Bhubaneswar,Medium,Cement,11.9,434.0,13962,2024-07-23,Speedway Logistics
SHP00703,Kolkata,Bhubaneswar,Medium,Textiles,16.4,443.0,18740,2024-07-28,Om Sai Transport
SHP00704,Kolkata,Bhubaneswar,Medium,Cement,10.0,442.5,11848,2024-07-24,Speedway Logistics
SHP00705,Kolkata,Bhubaneswar,Medium,Packaged Foods,15.3,444.0,17821,2024-07-23,Speedway Logistics
SHP00706,Ahmedabad,Mumbai,Medium,Textiles,11.5,520.9,15000,2024-07-24,Trident Carriers
SHP00707,Ahmedabad,Mumbai,Medium,FMCG Cartons,11.0,534.1,14783,2024-07-28,Om Sai Transport
SHP00708,Ahmedabad,Mumbai,Medium,Packaged Foods,13.1,523.0,17465,2024-07-27,Om Sai Transport
SHP00709,Mumbai,Delhi,Long,Auto Parts,18.5,1379.5,54960,2024-07-25,Trident Carriers
SHP00710,Mumbai,Delhi,Long,Textiles,15.3,1415.4,44532,2024-07-27,Bharat Roadways
SHP00711,Mumbai,Delhi,Long,Steel Coils,20.2,1419.1,59060,2024-07-26,Trident Carriers
SHP00712,Mumbai,Delhi,Long,Textiles,17.1,1413.1,51578,2024-07-22,Bharat Roadways
SHP00713,Mumbai,Pune,Short,Textiles,11.8,151.6,5950,2024-07-31,Shivam Freight Co
SHP00714,Mumbai,Pune,Short,Textiles,19.1,149.8,9711,2024-07-30,Trident Carriers
SHP00715,Mumbai,Pune,Short,Textiles,15.5,147.8,7646,2024-07-31,Bharat Roadways
SHP00716,Mumbai,Pune,Short,Packaged Foods,20.0,151.0,10523,2024-08-02,Speedway Logistics
SHP00717,Mumbai,Pune,Short,Textiles,10.8,151.5,5484,2024-08-02,Speedway Logistics
SHP00718,Delhi,Jaipur,Short,Cement,9.5,284.9,8680,2024-07-30,Trident Carriers
SHP00719,Delhi,Jaipur,Short,FMCG Cartons,9.6,278.5,8293,2024-08-04,Om Sai Transport
SHP00720,Delhi,Jaipur,Short,FMCG Cartons,14.9,279.7,12801,2024-08-03,Bharat Roadways
SHP00721,Delhi,Jaipur,Short,Packaged Foods,15.8,282.3,14362,2024-08-04,Trident Carriers
SHP00722,Delhi,Jaipur,Short,FMCG Cartons,16.4,280.9,14438,2024-08-01,Shivam Freight Co
SHP00723,Chennai,Bangalore,Medium,Textiles,12.3,344.1,12126,2024-07-30,Om Sai Transport
SHP00724,Chennai,Bangalore,Medium,Textiles,20.3,347.9,19660,2024-08-01,Bharat Roadways
SHP00725,Chennai,Bangalore,Medium,Textiles,10.8,350.0,10320,2024-07-29,Trident Carriers
SHP00726,Chennai,Bangalore,Medium,Cement,11.4,346.0,10898,2024-08-03,Speedway Logistics
SHP00727,Chennai,Bangalore,Medium,Auto Parts,13.3,348.8,12625,2024-08-03,Om Sai Transport
SHP00728,Kolkata,Bhubaneswar,Medium,Textiles,14.3,442.6,16320,2024-07-30,Shivam Freight Co
SHP00729,Kolkata,Bhubaneswar,Medium,Steel Coils,17.2,434.0,19009,2024-08-02,Bharat Roadways
SHP00730,Kolkata,Bhubaneswar,Medium,Textiles,21.0,434.1,23898,2024-08-01,Shivam Freight Co
SHP00731,Ahmedabad,Mumbai,Medium,Steel Coils,17.6,534.7,22773,2024-07-29,Om Sai Transport
SHP00732,Ahmedabad,Mumbai,Medium,Auto Parts,15.1,532.3,19685,2024-07-30,Shivam Freight Co
SHP00733,Ahmedabad,Mumbai,Medium,Packaged Foods,16.6,522.4,21603,2024-08-02,Shivam Freight Co
SHP00734,Ahmedabad,Mumbai,Medium,Textiles,18.4,525.0,23461,2024-08-01,Shivam Freight Co
SHP00735,Ahmedabad,Mumbai,Medium,Steel Coils,13.9,520.9,17361,2024-07-29,Shivam Freight Co
SHP00736,Mumbai,Delhi,Long,Textiles,16.9,1418.3,48897,2024-08-02,Bharat Roadways
SHP00737,Mumbai,Delhi,Long,Auto Parts,15.9,1421.2,47719,2024-07-29,Speedway Logistics
SHP00738,Mumbai,Delhi,Long,Packaged Foods,16.0,1422.5,45929,2024-08-04,Om Sai Transport
SHP00739,Mumbai,Delhi,Long,Auto Parts,13.8,1401.2,39123,2024-08-02,Speedway Logistics
SHP00740,Mumbai,Delhi,Long,Textiles,15.3,1424.6,46073,2024-07-31,Shivam Freight Co
SHP00741,Mumbai,Pune,Short,FMCG Cartons,19.0,148.5,9771,2024-08-05,Shivam Freight Co
SHP00742,Mumbai,Pune,Short,Packaged Foods,14.3,152.3,7223,2024-08-10,Bharat Roadways
SHP00743,Mumbai,Pune,Short,Steel Coils,10.5,150.5,5183,2024-08-10,Trident Carriers
SHP00744,Delhi,Jaipur,Short,Textiles,17.5,276.1,14594,2024-08-11,Om Sai Transport
SHP00745,Delhi,Jaipur,Short,Steel Coils,17.0,280.7,15062,2024-08-08,Om Sai Transport
SHP00746,Delhi,Jaipur,Short,Textiles,16.2,280.6,13668,2024-08-09,Om Sai Transport
SHP00747,Delhi,Jaipur,Short,Auto Parts,13.0,277.2,10945,2024-08-10,Speedway Logistics
SHP00748,Chennai,Bangalore,Medium,Steel Coils,19.2,346.2,17869,2024-08-05,Shivam Freight Co
SHP00749,Chennai,Bangalore,Medium,Packaged Foods,13.4,348.6,12265,2024-08-10,Bharat Roadways
SHP00750,Chennai,Bangalore,Medium,Steel Coils,21.5,345.3,18857,2024-08-05,Om Sai Transport
SHP00751,Chennai,Bangalore,Medium,FMCG Cartons,14.7,356.0,13341,2024-08-06,Bharat Roadways
SHP00752,Chennai,Bangalore,Medium,Textiles,18.4,351.5,17368,2024-08-08,Shivam Freight Co
SHP00753,Kolkata,Bhubaneswar,Medium,Auto Parts,21.3,441.7,25353,2024-08-10,Om Sai Transport
SHP00754,Kolkata,Bhubaneswar,Medium,FMCG Cartons,20.1,431.4,23519,2024-08-09,Speedway Logistics
SHP00755,Kolkata,Bhubaneswar,Medium,Textiles,16.8,431.8,19199,2024-08-06,Speedway Logistics
SHP00756,Kolkata,Bhubaneswar,Medium,Cement,13.7,443.1,16200,2024-08-06,Trident Carriers
SHP00757,Ahmedabad,Mumbai,Medium,Packaged Foods,16.6,527.8,22103,2024-08-10,Bharat Roadways
SHP00758,Ahmedabad,Mumbai,Medium,Textiles,16.1,538.9,22161,2024-08-09,Trident Carriers
SHP00759,Ahmedabad,Mumbai,Medium,Auto Parts,19.6,526.8,25593,2024-08-06,Om Sai Transport
SHP00760,Ahmedabad,Mumbai,Medium,Textiles,12.4,531.6,16519,2024-08-05,Bharat Roadways
SHP00761,Mumbai,Delhi,Long,Textiles,19.4,1425.0,57267,2024-08-09,Trident Carriers
SHP00762,Mumbai,Delhi,Long,Steel Coils,21.6,1410.9,61679,2024-08-11,Trident Carriers
SHP00763,Mumbai,Delhi,Long,Cement,15.0,1425.8,43020,2024-08-09,Om Sai Transport
SHP00764,Mumbai,Delhi,Long,Packaged Foods,9.9,1378.5,27737,2024-08-06,Speedway Logistics
SHP00765,Mumbai,Delhi,Long,Cement,14.4,1416.8,40773,2024-08-09,Trident Carriers
SHP00766,Mumbai,Pune,Short,Steel Coils,18.7,149.4,9249,2024-08-16,Om Sai Transport
SHP00767,Mumbai,Pune,Short,Packaged Foods,11.8,148.9,5898,2024-08-13,Speedway Logistics
SHP00768,Mumbai,Pune,Short,FMCG Cartons,11.6,150.0,5897,2024-08-18,Speedway Logistics
SHP00769,Delhi,Jaipur,Short,Cement,17.0,277.2,13967,2024-08-12,Bharat Roadways
SHP00770,Delhi,Jaipur,Short,Textiles,17.6,282.0,15123,2024-08-18,Bharat Roadways
SHP00771,Delhi,Jaipur,Short,FMCG Cartons,13.8,283.9,11725,2024-08-16,Om Sai Transport
SHP00772,Chennai,Bangalore,Medium,Steel Coils,12.6,355.8,12364,2024-08-16,Bharat Roadways
SHP00773,Chennai,Bangalore,Medium,Textiles,14.5,350.4,14626,2024-08-12,Trident Carriers
SHP00774,Chennai,Bangalore,Medium,Packaged Foods,17.9,348.5,17154,2024-08-12,Shivam Freight Co
SHP00775,Kolkata,Bhubaneswar,Medium,FMCG Cartons,17.8,431.3,19524,2024-08-12,Trident Carriers
SHP00776,Kolkata,Bhubaneswar,Medium,FMCG Cartons,12.4,442.0,14081,2024-08-13,Om Sai Transport
SHP00777,Kolkata,Bhubaneswar,Medium,Steel Coils,13.5,448.1,15202,2024-08-15,Om Sai Transport
SHP00778,Kolkata,Bhubaneswar,Medium,Auto Parts,13.8,443.5,16011,2024-08-14,Speedway Logistics
SHP00779,Ahmedabad,Mumbai,Medium,Steel Coils,12.0,531.6,15408,2024-08-14,Shivam Freight Co
SHP00780,Ahmedabad,Mumbai,Medium,Steel Coils,14.0,528.6,17925,2024-08-17,Om Sai Transport
SHP00781,Ahmedabad,Mumbai,Medium,Packaged Foods,11.3,536.5,15003,2024-08-18,Shivam Freight Co
SHP00782,Ahmedabad,Mumbai,Medium,Textiles,13.1,530.7,17191,2024-08-14,Shivam Freight Co
SHP00783,Ahmedabad,Mumbai,Medium,FMCG Cartons,10.3,520.4,12997,2024-08-13,Om Sai Transport
SHP00784,Mumbai,Delhi,Long,FMCG Cartons,12.4,1413.7,34484,2024-08-16,Trident Carriers
SHP00785,Mumbai,Delhi,Long,Steel Coils,10.6,1373.1,29510,2024-08-16,Shivam Freight Co
SHP00786,Mumbai,Delhi,Long,FMCG Cartons,17.4,1404.3,47527,2024-08-18,Trident Carriers
SHP00787,Mumbai,Delhi,Long,Cement,15.6,1390.2,43732,2024-08-15,Om Sai Transport
SHP00788,Mumbai,Delhi,Long,Steel Coils,15.0,1406.4,42997,2024-08-18,Trident Carriers
SHP00789,Mumbai,Pune,Short,FMCG Cartons,20.0,150.4,10069,2024-08-20,Speedway Logistics
SHP00790,Mumbai,Pune,Short,Packaged Foods,17.5,148.9,9066,2024-08-23,Om Sai Transport
SHP00791,Mumbai,Pune,Short,Packaged Foods,14.8,148.6,7721,2024-08-21,Shivam Freight Co
SHP00792,Mumbai,Pune,Short,Cement,14.9,150.1,7531,2024-08-25,Speedway Logistics
SHP00793,Delhi,Jaipur,Short,Steel Coils,18.7,277.2,15964,2024-08-20,Om Sai Transport
SHP00794,Delhi,Jaipur,Short,Cement,9.8,275.6,8381,2024-08-23,Bharat Roadways
SHP00795,Delhi,Jaipur,Short,FMCG Cartons,15.8,283.0,13971,2024-08-19,Shivam Freight Co
SHP00796,Delhi,Jaipur,Short,Steel Coils,17.5,276.1,15000,2024-08-21,Speedway Logistics
SHP00797,Delhi,Jaipur,Short,Steel Coils,14.8,282.7,12410,2024-08-23,Bharat Roadways
SHP00798,Chennai,Bangalore,Medium,Textiles,13.2,355.0,12799,2024-08-25,Trident Carriers
SHP00799,Chennai,Bangalore,Medium,Steel Coils,10.8,350.7,10639,2024-08-23,Shivam Freight Co
SHP00800,Chennai,Bangalore,Medium,Auto Parts,17.2,351.4,16667,2024-08-23,Shivam Freight Co
SHP00801,Kolkata,Bhubaneswar,Medium,Cement,13.5,436.7,15536,2024-08-25,Om Sai Transport
SHP00802,Kolkata,Bhubaneswar,Medium,Cement,14.4,436.6,16187,2024-08-19,Shivam Freight Co
SHP00803,Kolkata,Bhubaneswar,Medium,Textiles,20.0,445.6,23210,2024-08-22,Bharat Roadways
SHP00804,Kolkata,Bhubaneswar,Medium,Cement,15.4,443.3,18223,2024-08-21,Om Sai Transport
SHP00805,Kolkata,Bhubaneswar,Medium,FMCG Cartons,16.8,445.2,20014,2024-08-23,Speedway Logistics
SHP00806,Ahmedabad,Mumbai,Medium,Auto Parts,12.2,528.7,17169,2024-08-24,Om Sai Transport
SHP00807,Ahmedabad,Mumbai,Medium,Textiles,10.0,524.1,13877,2024-08-23,Trident Carriers
SHP00808,Ahmedabad,Mumbai,Medium,Steel Coils,18.7,525.4,26298,2024-08-22,Bharat Roadways
SHP00809,Ahmedabad,Mumbai,Medium,Auto Parts,12.8,523.3,17747,2024-08-23,Trident Carriers
SHP00810,Mumbai,Delhi,Long,Cement,9.3,1382.5,25897,2024-08-23,Speedway Logistics
SHP00811,Mumbai,Delhi,Long,Packaged Foods,12.7,1426.5,36660,2024-08-22,Bharat Roadways
SHP00812,Mumbai,Delhi,Long,Auto Parts,11.0,1385.0,31526,2024-08-21,Trident Carriers
SHP00813,Mumbai,Delhi,Long,Cement,15.5,1416.0,45085,2024-08-24,Trident Carriers
SHP00814,Mumbai,Delhi,Long,Auto Parts,18.8,1376.5,52434,2024-08-21,Bharat Roadways
SHP00815,Mumbai,Pune,Short,Cement,19.9,148.2,10194,2024-09-01,Bharat Roadways
SHP00816,Mumbai,Pune,Short,Steel Coils,18.3,152.8,9419,2024-08-29,Bharat Roadways
SHP00817,Mumbai,Pune,Short,Steel Coils,18.6,148.2,9122,2024-08-31,Om Sai Transport
SHP00818,Mumbai,Pune,Short,Packaged Foods,21.5,149.3,11173,2024-08-27,Bharat Roadways
SHP00819,Mumbai,Pune,Short,Packaged Foods,16.1,151.5,8086,2024-08-29,Trident Carriers
SHP00820,Delhi,Jaipur,Short,Packaged Foods,17.7,275.0,15344,2024-08-27,Om Sai Transport
SHP00821,Delhi,Jaipur,Short,Auto Parts,11.2,278.0,9416,2024-08-26,Speedway Logistics
SHP00822,Delhi,Jaipur,Short,Packaged Foods,9.5,274.5,8130,2024-08-29,Shivam Freight Co
SHP00823,Chennai,Bangalore,Medium,FMCG Cartons,11.1,344.3,9962,2024-08-30,Bharat Roadways
SHP00824,Chennai,Bangalore,Medium,Cement,17.4,343.8,16179,2024-09-01,Speedway Logistics
SHP00825,Chennai,Bangalore,Medium,FMCG Cartons,13.1,349.8,12288,2024-08-31,Om Sai Transport
SHP00826,Kolkata,Bhubaneswar,Medium,Auto Parts,13.7,443.3,15065,2024-08-26,Om Sai Transport
SHP00827,Kolkata,Bhubaneswar,Medium,Steel Coils,16.1,441.0,17996,2024-08-30,Shivam Freight Co
SHP00828,Kolkata,Bhubaneswar,Medium,Textiles,18.5,437.3,20241,2024-09-01,Shivam Freight Co
SHP00829,Kolkata,Bhubaneswar,Medium,FMCG Cartons,15.9,434.0,17448,2024-09-01,Shivam Freight Co
SHP00830,Kolkata,Bhubaneswar,Medium,Packaged Foods,9.0,437.7,10073,2024-08-29,Speedway Logistics
SHP00831,Ahmedabad,Mumbai,Medium,Packaged Foods,17.1,527.1,22955,2024-08-26,Shivam Freight Co
SHP00832,Ahmedabad,Mumbai,Medium,Textiles,11.5,536.8,16067,2024-09-01,Speedway Logistics
SHP00833,Ahmedabad,Mumbai,Medium,Cement,13.2,532.4,18245,2024-08-26,Shivam Freight Co
SHP00834,Mumbai,Delhi,Long,Cement,10.7,1418.8,30716,2024-08-27,Om Sai Transport
SHP00835,Mumbai,Delhi,Long,Packaged Foods,9.4,1382.7,25940,2024-08-29,Om Sai Transport
SHP00836,Mumbai,Delhi,Long,Steel Coils,18.1,1401.4,49461,2024-08-28,Shivam Freight Co
SHP00837,Mumbai,Delhi,Long,Auto Parts,9.2,1412.2,26360,2024-08-31,Bharat Roadways
SHP00838,Mumbai,Delhi,Long,Auto Parts,17.3,1398.2,47469,2024-08-31,Trident Carriers
SHP00839,Mumbai,Pune,Short,FMCG Cartons,15.9,150.7,7969,2024-09-08,Bharat Roadways
SHP00840,Mumbai,Pune,Short,Steel Coils,21.5,152.7,10508,2024-09-07,Shivam Freight Co
SHP00841,Mumbai,Pune,Short,Packaged Foods,11.5,149.3,5684,2024-09-06,Speedway Logistics
SHP00842,Mumbai,Pune,Short,Packaged Foods,16.3,150.4,8159,2024-09-08,Shivam Freight Co
SHP00843,Mumbai,Pune,Short,Steel Coils,15.0,149.1,7408,2024-09-02,Speedway Logistics
SHP00844,Delhi,Jaipur,Short,FMCG Cartons,11.1,278.2,9782,2024-09-05,Trident Carriers
SHP00845,Delhi,Jaipur,Short,Packaged Foods,22.0,280.6,19379,2024-09-05,Om Sai Transport
SHP00846,Delhi,Jaipur,Short,Steel Coils,13.2,283.7,11338,2024-09-06,Om Sai Transport
SHP00847,Delhi,Jaipur,Short,Auto Parts,21.0,283.0,18009,2024-09-05,Om Sai Transport
SHP00848,Delhi,Jaipur,Short,Textiles,9.5,274.4,7914,2024-09-02,Speedway Logistics
SHP00849,Chennai,Bangalore,Medium,Packaged Foods,11.8,356.8,10798,2024-09-08,Trident Carriers
SHP00850,Chennai,Bangalore,Medium,Steel Coils,15.6,355.9,14460,2024-09-06,Bharat Roadways
SHP00851,Chennai,Bangalore,Medium,Textiles,13.6,343.5,11853,2024-09-04,Speedway Logistics
SHP00852,Chennai,Bangalore,Medium,Textiles,19.5,346.3,17084,2024-09-05,Speedway Logistics
SHP00853,Kolkata,Bhubaneswar,Medium,Packaged Foods,15.3,436.9,16780,2024-09-07,Shivam Freight Co
SHP00854,Kolkata,Bhubaneswar,Medium,Packaged Foods,10.2,445.6,11515,2024-09-02,Shivam Freight Co
SHP00855,Kolkata,Bhubaneswar,Medium,FMCG Cartons,19.1,437.9,21542,2024-09-04,Om Sai Transport
SHP00856,Kolkata,Bhubaneswar,Medium,Packaged Foods,20.3,438.5,22857,2024-09-03,Shivam Freight Co
SHP00857,Kolkata,Bhubaneswar,Medium,FMCG Cartons,17.2,447.5,19489,2024-09-02,Shivam Freight Co
SHP00858,Ahmedabad,Mumbai,Medium,Cement,13.2,531.4,17838,2024-09-03,Om Sai Transport
SHP00859,Ahmedabad,Mumbai,Medium,Steel Coils,18.8,540.0,25629,2024-09-02,Om Sai Transport
SHP00860,Ahmedabad,Mumbai,Medium,Auto Parts,14.1,525.5,18210,2024-09-02,Shivam Freight Co
SHP00861,Mumbai,Delhi,Long,Packaged Foods,10.1,1394.4,27833,2024-09-08,Speedway Logistics
SHP00862,Mumbai,Delhi,Long,Packaged Foods,15.3,1414.7,41997,2024-09-05,Shivam Freight Co
SHP00863,Mumbai,Delhi,Long,Steel Coils,17.0,1383.0,47117,2024-09-03,Bharat Roadways
SHP00864,Mumbai,Delhi,Long,Cement,14.6,1386.9,40457,2024-09-06,Bharat Roadways
SHP00865,Mumbai,Delhi,Long,FMCG Cartons,14.5,1409.6,40022,2024-09-04,Shivam Freight Co
SHP00866,Mumbai,Pune,Short,Auto Parts,21.8,148.8,10683,2024-09-15,Shivam Freight Co
SHP00867,Mumbai,Pune,Short,Packaged Foods,9.6,147.9,4732,2024-09-10,Trident Carriers
SHP00868,Mumbai,Pune,Short,Cement,18.5,147.9,8726,2024-09-14,Speedway Logistics
SHP00869,Mumbai,Pune,Short,FMCG Cartons,21.0,152.7,10720,2024-09-15,Bharat Roadways
SHP00870,Mumbai,Pune,Short,Cement,19.5,149.1,9398,2024-09-12,Trident Carriers
SHP00871,Delhi,Jaipur,Short,Auto Parts,16.1,276.8,14292,2024-09-13,Shivam Freight Co
SHP00872,Delhi,Jaipur,Short,Auto Parts,10.8,282.6,9758,2024-09-09,Shivam Freight Co
SHP00873,Delhi,Jaipur,Short,FMCG Cartons,15.8,284.5,13994,2024-09-09,Speedway Logistics
SHP00874,Chennai,Bangalore,Medium,Packaged Foods,17.5,343.7,15909,2024-09-12,Trident Carriers
SHP00875,Chennai,Bangalore,Medium,Cement,20.9,352.3,19900,2024-09-09,Trident Carriers
SHP00876,Chennai,Bangalore,Medium,Textiles,17.4,355.1,16568,2024-09-12,Bharat Roadways
SHP00877,Chennai,Bangalore,Medium,Steel Coils,15.3,355.7,14919,2024-09-09,Speedway Logistics
SHP00878,Chennai,Bangalore,Medium,Cement,15.0,350.0,14675,2024-09-09,Speedway Logistics
SHP00879,Kolkata,Bhubaneswar,Medium,FMCG Cartons,18.7,439.8,20441,2024-09-14,Trident Carriers
SHP00880,Kolkata,Bhubaneswar,Medium,FMCG Cartons,12.1,442.2,14087,2024-09-13,Bharat Roadways
SHP00881,Kolkata,Bhubaneswar,Medium,Cement,20.4,442.2,23629,2024-09-15,Shivam Freight Co
SHP00882,Kolkata,Bhubaneswar,Medium,Packaged Foods,11.9,447.9,13512,2024-09-12,Speedway Logistics
SHP00883,Kolkata,Bhubaneswar,Medium,Packaged Foods,14.0,432.7,15933,2024-09-13,Speedway Logistics
SHP00884,Ahmedabad,Mumbai,Medium,Auto Parts,21.6,522.6,28880,2024-09-11,Shivam Freight Co
SHP00885,Ahmedabad,Mumbai,Medium,Steel Coils,17.5,522.2,22930,2024-09-14,Speedway Logistics
SHP00886,Ahmedabad,Mumbai,Medium,Auto Parts,18.2,526.0,23939,2024-09-10,Speedway Logistics
SHP00887,Ahmedabad,Mumbai,Medium,Textiles,16.3,533.3,21261,2024-09-09,Shivam Freight Co
SHP00888,Mumbai,Delhi,Long,FMCG Cartons,20.4,1389.8,57115,2024-09-15,Om Sai Transport
SHP00889,Mumbai,Delhi,Long,Packaged Foods,12.9,1425.8,37093,2024-09-15,Trident Carriers
SHP00890,Mumbai,Delhi,Long,Textiles,11.4,1380.5,30586,2024-09-09,Shivam Freight Co
SHP00891,Mumbai,Delhi,Long,Steel Coils,16.4,1386.9,44474,2024-09-10,Bharat Roadways
SHP00892,Mumbai,Delhi,Long,Textiles,17.9,1392.1,49454,2024-09-13,Om Sai Transport
SHP00893,Mumbai,Pune,Short,Steel Coils,14.0,148.1,7123,2024-09-17,Speedway Logistics
SHP00894,Mumbai,Pune,Short,Auto Parts,18.9,147.2,9294,2024-09-18,Speedway Logistics
SHP00895,Mumbai,Pune,Short,Steel Coils,21.8,151.5,11539,2024-09-16,Om Sai Transport
SHP00896,Mumbai,Pune,Short,Steel Coils,15.4,152.2,7980,2024-09-19,Om Sai Transport
SHP00897,Mumbai,Pune,Short,Packaged Foods,9.5,149.4,4952,2024-09-19,Trident Carriers
SHP00898,Delhi,Jaipur,Short,Cement,16.7,282.7,14788,2024-09-21,Shivam Freight Co
SHP00899,Delhi,Jaipur,Short,Textiles,14.9,275.6,13135,2024-09-17,Shivam Freight Co
SHP00900,Delhi,Jaipur,Short,Packaged Foods,18.6,278.8,16275,2024-09-20,Bharat Roadways
SHP00901,Delhi,Jaipur,Short,FMCG Cartons,14.7,276.5,13006,2024-09-22,Om Sai Transport
SHP00902,Chennai,Bangalore,Medium,Auto Parts,9.7,351.6,9161,2024-09-17,Om Sai Transport
SHP00903,Chennai,Bangalore,Medium,Packaged Foods,15.5,344.3,14044,2024-09-20,Shivam Freight Co
SHP00904,Chennai,Bangalore,Medium,Auto Parts,14.4,344.9,13287,2024-09-17,Shivam Freight Co
SHP00905,Kolkata,Bhubaneswar,Medium,Packaged Foods,10.2,446.7,12093,2024-09-21,Speedway Logistics
SHP00906,Kolkata,Bhubaneswar,Medium,Packaged Foods,10.6,443.8,12326,2024-09-19,Trident Carriers
SHP00907,Kolkata,Bhubaneswar,Medium,Textiles,18.2,432.7,21411,2024-09-20,Speedway Logistics
SHP00908,Kolkata,Bhubaneswar,Medium,Textiles,13.9,437.9,16590,2024-09-18,Speedway Logistics
SHP00909,Kolkata,Bhubaneswar,Medium,Auto Parts,10.9,434.1,12897,2024-09-16,Trident Carriers
SHP00910,Ahmedabad,Mumbai,Medium,Steel Coils,12.8,539.8,17600,2024-09-17,Bharat Roadways
SHP00911,Ahmedabad,Mumbai,Medium,Auto Parts,12.3,532.6,16970,2024-09-22,Shivam Freight Co
SHP00912,Ahmedabad,Mumbai,Medium,Textiles,16.9,536.5,23537,2024-09-17,Om Sai Transport
SHP00913,Ahmedabad,Mumbai,Medium,Steel Coils,14.7,529.0,20317,2024-09-16,Shivam Freight Co
SHP00914,Mumbai,Delhi,Long,Cement,19.7,1403.2,55663,2024-09-17,Trident Carriers
SHP00915,Mumbai,Delhi,Long,Textiles,20.1,1374.1,57735,2024-09-22,Trident Carriers
SHP00916,Mumbai,Delhi,Long,Steel Coils,10.1,1390.5,28384,2024-09-17,Trident Carriers
SHP00917,Mumbai,Delhi,Long,Textiles,18.0,1406.2,52684,2024-09-22,Speedway Logistics
SHP00918,Mumbai,Pune,Short,FMCG Cartons,9.5,149.2,4994,2024-09-25,Om Sai Transport
SHP00919,Mumbai,Pune,Short,FMCG Cartons,18.9,151.9,10161,2024-09-23,Om Sai Transport
SHP00920,Mumbai,Pune,Short,Auto Parts,18.0,147.8,9101,2024-09-27,Shivam Freight Co
SHP00921,Mumbai,Pune,Short,Packaged Foods,11.7,148.3,5858,2024-09-27,Shivam Freight Co
SHP00922,Delhi,Jaipur,Short,Auto Parts,21.1,282.1,18966,2024-09-25,Shivam Freight Co
SHP00923,Delhi,Jaipur,Short,FMCG Cartons,12.4,283.9,10948,2024-09-27,Speedway Logistics
SHP00924,Delhi,Jaipur,Short,Auto Parts,15.5,281.3,13684,2024-09-26,Speedway Logistics
SHP00925,Chennai,Bangalore,Medium,Packaged Foods,11.5,347.1,10305,2024-09-26,Bharat Roadways
SHP00926,Chennai,Bangalore,Medium,Auto Parts,11.7,353.3,10998,2024-09-26,Bharat Roadways
SHP00927,Chennai,Bangalore,Medium,Packaged Foods,16.3,347.7,15099,2024-09-23,Speedway Logistics
SHP00928,Chennai,Bangalore,Medium,Textiles,12.3,352.7,11165,2024-09-25,Shivam Freight Co
SHP00929,Chennai,Bangalore,Medium,Auto Parts,9.1,347.5,8449,2024-09-25,Shivam Freight Co
SHP00930,Kolkata,Bhubaneswar,Medium,Auto Parts,11.5,445.8,14097,2024-09-28,Om Sai Transport
SHP00931,Kolkata,Bhubaneswar,Medium,Auto Parts,17.4,445.2,20859,2024-09-28,Shivam Freight Co
SHP00932,Kolkata,Bhubaneswar,Medium,Cement,15.0,447.0,18415,2024-09-28,Shivam Freight Co
SHP00933,Kolkata,Bhubaneswar,Medium,Cement,18.4,436.5,21411,2024-09-27,Speedway Logistics
SHP00934,Kolkata,Bhubaneswar,Medium,FMCG Cartons,13.3,441.4,16221,2024-09-29,Bharat Roadways
SHP00935,Ahmedabad,Mumbai,Medium,Steel Coils,21.8,520.1,28620,2024-09-29,Shivam Freight Co
SHP00936,Ahmedabad,Mumbai,Medium,FMCG Cartons,11.4,532.2,14850,2024-09-29,Trident Carriers
SHP00937,Ahmedabad,Mumbai,Medium,FMCG Cartons,12.5,534.4,16320,2024-09-24,Om Sai Transport
SHP00938,Mumbai,Delhi,Long,Steel Coils,10.5,1388.9,29717,2024-09-29,Bharat Roadways
SHP00939,Mumbai,Delhi,Long,Steel Coils,9.3,1396.9,26000,2024-09-27,Speedway Logistics
SHP00940,Mumbai,Delhi,Long,FMCG Cartons,15.3,1391.0,43594,2024-09-25,Speedway Logistics
SHP00941,Mumbai,Delhi,Long,Packaged Foods,10.3,1415.1,30046,2024-09-27,Speedway Logistics
SHP00942,Mumbai,Pune,Short,FMCG Cartons,18.3,149.8,9501,2024-09-30,Bharat Roadways
SHP00943,Mumbai,Pune,Short,Cement,16.7,151.1,8517,2024-10-03,Bharat Roadways
SHP00944,Mumbai,Pune,Short,FMCG Cartons,17.6,150.1,9040,2024-10-04,Speedway Logistics
SHP00945,Delhi,Jaipur,Short,Cement,15.9,277.6,13574,2024-10-05,Trident Carriers
SHP00946,Delhi,Jaipur,Short,Textiles,12.6,276.1,10220,2024-10-04,Shivam Freight Co
SHP00947,Delhi,Jaipur,Short,Steel Coils,16.1,275.5,13461,2024-10-02,Trident Carriers
SHP00948,Delhi,Jaipur,Short,Textiles,11.2,280.8,9408,2024-10-02,Om Sai Transport
SHP00949,Chennai,Bangalore,Medium,Cement,17.8,349.6,15919,2024-09-30,Om Sai Transport
SHP00950,Chennai,Bangalore,Medium,Packaged Foods,18.2,348.5,17009,2024-10-05,Om Sai Transport
SHP00951,Chennai,Bangalore,Medium,Packaged Foods,13.1,351.6,12298,2024-10-05,Shivam Freight Co
SHP00952,Kolkata,Bhubaneswar,Medium,Packaged Foods,15.1,444.5,17712,2024-10-06,Om Sai Transport
SHP00953,Kolkata,Bhubaneswar,Medium,Auto Parts,13.0,432.9,15318,2024-10-06,Om Sai Transport
SHP00954,Kolkata,Bhubaneswar,Medium,FMCG Cartons,11.9,435.3,14281,2024-10-04,Trident Carriers
SHP00955,Ahmedabad,Mumbai,Medium,Auto Parts,13.3,538.8,18196,2024-10-02,Om Sai Transport
SHP00956,Ahmedabad,Mumbai,Medium,Steel Coils,15.2,520.0,19470,2024-10-03,Trident Carriers
SHP00957,Ahmedabad,Mumbai,Medium,Auto Parts,16.9,535.7,21998,2024-09-30,Bharat Roadways
SHP00958,Ahmedabad,Mumbai,Medium,Auto Parts,17.4,526.3,23160,2024-10-04,Om Sai Transport
SHP00959,Mumbai,Delhi,Long,Cement,16.1,1406.8,47421,2024-10-03,Trident Carriers
SHP00960,Mumbai,Delhi,Long,Textiles,18.0,1383.7,50496,2024-10-03,Trident Carriers
SHP00961,Mumbai,Delhi,Long,Packaged Foods,12.1,1402.5,34885,2024-09-30,Shivam Freight Co
SHP00962,Mumbai,Delhi,Long,Textiles,10.5,1418.9,30505,2024-10-02,Bharat Roadways
SHP00963,Mumbai,Delhi,Long,Textiles,11.3,1418.0,33513,2024-09-30,Bharat Roadways
SHP00964,Mumbai,Pune,Short,Cement,13.9,151.6,7342,2024-10-12,Bharat Roadways
SHP00965,Mumbai,Pune,Short,Packaged Foods,10.8,148.3,5609,2024-10-13,Bharat Roadways
SHP00966,Mumbai,Pune,Short,Auto Parts,17.6,151.5,9267,2024-10-09,Shivam Freight Co
SHP00967,Mumbai,Pune,Short,FMCG Cartons,11.5,150.5,6098,2024-10-09,Shivam Freight Co
SHP00968,Mumbai,Pune,Short,Packaged Foods,17.8,151.8,9654,2024-10-10,Trident Carriers
SHP00969,Delhi,Jaipur,Short,FMCG Cartons,15.6,281.2,13974,2024-10-13,Bharat Roadways
SHP00970,Delhi,Jaipur,Short,Textiles,16.1,278.5,13617,2024-10-12,Trident Carriers
SHP00971,Delhi,Jaipur,Short,Packaged Foods,12.7,275.6,10615,2024-10-10,Shivam Freight Co
SHP00972,Chennai,Bangalore,Medium,Packaged Foods,14.3,353.0,13712,2024-10-08,Speedway Logistics
SHP00973,Chennai,Bangalore,Medium,Auto Parts,11.4,349.6,10793,2024-10-09,Speedway Logistics
SHP00974,Chennai,Bangalore,Medium,Cement,20.3,347.0,18778,2024-10-07,Bharat Roadways
SHP00975,Chennai,Bangalore,Medium,Cement,20.5,345.0,19470,2024-10-08,Speedway Logistics
SHP00976,Kolkata,Bhubaneswar,Medium,Textiles,20.6,446.3,24776,2024-10-10,Speedway Logistics
SHP00977,Kolkata,Bhubaneswar,Medium,FMCG Cartons,14.5,439.2,17289,2024-10-10,Speedway Logistics
SHP00978,Kolkata,Bhubaneswar,Medium,Packaged Foods,16.9,434.5,19651,2024-10-13,Speedway Logistics
SHP00979,Kolkata,Bhubaneswar,Medium,FMCG Cartons,12.5,443.7,15151,2024-10-11,Bharat Roadways
SHP00980,Kolkata,Bhubaneswar,Medium,Textiles,16.4,448.4,19829,2024-10-07,Om Sai Transport
SHP00981,Ahmedabad,Mumbai,Medium,FMCG Cartons,15.8,534.9,21276,2024-10-13,Om Sai Transport
SHP00982,Ahmedabad,Mumbai,Medium,Auto Parts,15.8,530.4,20788,2024-10-08,Bharat Roadways
SHP00983,Ahmedabad,Mumbai,Medium,Cement,16.0,533.9,21152,2024-10-11,Trident Carriers
SHP00984,Ahmedabad,Mumbai,Medium,Textiles,9.1,530.7,11868,2024-10-10,Trident Carriers
SHP00985,Ahmedabad,Mumbai,Medium,Steel Coils,21.5,528.3,28492,2024-10-09,Bharat Roadways
SHP00986,Mumbai,Delhi,Long,Packaged Foods,18.5,1414.0,55652,2024-10-07,Om Sai Transport
SHP00987,Mumbai,Delhi,Long,Packaged Foods,16.4,1404.4,49271,2024-10-09,Shivam Freight Co
SHP00988,Mumbai,Delhi,Long,FMCG Cartons,15.3,1373.5,43540,2024-10-07,Trident Carriers
SHP00989,Mumbai,Delhi,Long,Packaged Foods,12.7,1379.4,37925,2024-10-07,Bharat Roadways
SHP00990,Mumbai,Delhi,Long,Auto Parts,20.8,1405.8,62860,2024-10-12,Trident Carriers
SHP00991,Mumbai,Pune,Short,Cement,15.3,151.2,7854,2024-10-20,Trident Carriers
SHP00992,Mumbai,Pune,Short,Steel Coils,21.6,152.9,11078,2024-10-20,Om Sai Transport
SHP00993,Mumbai,Pune,Short,Auto Parts,14.4,151.5,7225,2024-10-19,Speedway Logistics
SHP00994,Delhi,Jaipur,Short,Cement,9.7,283.8,8466,2024-10-20,Bharat Roadways
SHP00995,Delhi,Jaipur,Short,Textiles,14.2,276.3,12093,2024-10-19,Speedway Logistics
SHP00996,Delhi,Jaipur,Short,Textiles,18.2,278.7,15798,2024-10-15,Om Sai Transport
SHP00997,Chennai,Bangalore,Medium,Packaged Foods,14.0,354.2,13017,2024-10-18,Bharat Roadways
SHP00998,Chennai,Bangalore,Medium,Auto Parts,15.9,344.4,14408,2024-10-20,Shivam Freight Co
SHP00999,Chennai,Bangalore,Medium,Cement,20.2,355.9,18894,2024-10-16,Trident Carriers
SHP01000,Kolkata,Bhubaneswar,Medium,Textiles,17.8,439.3,20151,2024-10-19,Speedway Logistics
SHP01001,Kolkata,Bhubaneswar,Medium,Textiles,17.8,440.4,21126,2024-10-16,Bharat Roadways
SHP01002,Kolkata,Bhubaneswar,Medium,Textiles,19.8,443.0,22287,2024-10-14,Bharat Roadways
SHP01003,Kolkata,Bhubaneswar,Medium,Steel Coils,13.6,443.3,15994,2024-10-16,Bharat Roadways
SHP01004,Kolkata,Bhubaneswar,Medium,Steel Coils,10.2,431.6,11826,2024-10-19,Shivam Freight Co
SHP01005,Ahmedabad,Mumbai,Medium,Packaged Foods,10.1,539.7,13564,2024-10-17,Shivam Freight Co
SHP01006,Ahmedabad,Mumbai,Medium,FMCG Cartons,11.4,536.4,14768,2024-10-15,Trident Carriers
SHP01007,Ahmedabad,Mumbai,Medium,Auto Parts,21.2,529.3,27979,2024-10-16,Trident Carriers
SHP01008,Ahmedabad,Mumbai,Medium,Auto Parts,19.1,524.9,24460,2024-10-14,Om Sai Transport
SHP01009,Ahmedabad,Mumbai,Medium,Steel Coils,9.8,526.5,13108,2024-10-16,Om Sai Transport
SHP01010,Mumbai,Delhi,Long,Cement,16.9,1424.0,48351,2024-10-17,Speedway Logistics
SHP01011,Mumbai,Delhi,Long,Auto Parts,14.6,1402.3,42230,2024-10-14,Trident Carriers
SHP01012,Mumbai,Delhi,Long,Auto Parts,9.9,1377.8,28064,2024-10-16,Bharat Roadways
SHP01013,Mumbai,Pune,Short,Steel Coils,21.1,150.8,10618,2024-10-23,Trident Carriers
SHP01014,Mumbai,Pune,Short,Auto Parts,16.5,152.4,8317,2024-10-27,Om Sai Transport
SHP01015,Mumbai,Pune,Short,Cement,20.0,149.6,10054,2024-10-27,Shivam Freight Co
SHP01016,Mumbai,Pune,Short,Auto Parts,14.0,148.4,6943,2024-10-27,Bharat Roadways
SHP01017,Delhi,Jaipur,Short,Packaged Foods,13.3,285.5,11665,2024-10-21,Bharat Roadways
SHP01018,Delhi,Jaipur,Short,Auto Parts,20.1,278.5,17235,2024-10-27,Trident Carriers
SHP01019,Delhi,Jaipur,Short,Packaged Foods,11.3,281.7,9622,2024-10-24,Speedway Logistics
SHP01020,Delhi,Jaipur,Short,FMCG Cartons,14.1,277.7,11885,2024-10-26,Om Sai Transport
SHP01021,Delhi,Jaipur,Short,Cement,17.2,275.4,14934,2024-10-22,Speedway Logistics
SHP01022,Chennai,Bangalore,Medium,Packaged Foods,15.4,351.3,14474,2024-10-25,Trident Carriers
SHP01023,Chennai,Bangalore,Medium,Cement,21.5,350.0,21061,2024-10-21,Trident Carriers
SHP01024,Chennai,Bangalore,Medium,Steel Coils,19.2,343.8,17638,2024-10-21,Shivam Freight Co
SHP01025,Kolkata,Bhubaneswar,Medium,Cement,16.0,446.5,19506,2024-10-22,Bharat Roadways
SHP01026,Kolkata,Bhubaneswar,Medium,Cement,15.4,444.1,17877,2024-10-25,Speedway Logistics
SHP01027,Kolkata,Bhubaneswar,Medium,FMCG Cartons,10.7,443.5,12521,2024-10-21,Bharat Roadways
SHP01028,Kolkata,Bhubaneswar,Medium,Cement,11.2,439.2,13312,2024-10-27,Bharat Roadways
SHP01029,Ahmedabad,Mumbai,Medium,Packaged Foods,9.8,532.5,13169,2024-10-23,Om Sai Transport
SHP01030,Ahmedabad,Mumbai,Medium,FMCG Cartons,21.7,526.3,29478,2024-10-22,Speedway Logistics
SHP01031,Ahmedabad,Mumbai,Medium,FMCG Cartons,16.7,535.6,22755,2024-10-21,Speedway Logistics
SHP01032,Ahmedabad,Mumbai,Medium,Auto Parts,11.2,535.5,15290,2024-10-22,Speedway Logistics
SHP01033,Mumbai,Delhi,Long,Steel Coils,20.0,1377.6,54773,2024-10-27,Bharat Roadways
SHP01034,Mumbai,Delhi,Long,Packaged Foods,10.0,1421.3,27236,2024-10-21,Shivam Freight Co
SHP01035,Mumbai,Delhi,Long,Auto Parts,14.4,1421.7,41172,2024-10-27,Speedway Logistics
SHP01036,Mumbai,Delhi,Long,Steel Coils,17.3,1383.5,47328,2024-10-24,Speedway Logistics
SHP01037,Mumbai,Delhi,Long,Textiles,9.5,1406.2,25873,2024-10-24,Bharat Roadways
SHP01038,Mumbai,Pune,Short,Cement,14.4,148.8,7501,2024-10-29,Shivam Freight Co
SHP01039,Mumbai,Pune,Short,Textiles,17.0,152.9,9266,2024-11-01,Speedway Logistics
SHP01040,Mumbai,Pune,Short,Steel Coils,17.1,149.8,8780,2024-10-28,Bharat Roadways
SHP01041,Mumbai,Pune,Short,Auto Parts,17.9,151.8,9746,2024-10-31,Speedway Logistics
SHP01042,Mumbai,Pune,Short,FMCG Cartons,21.0,148.0,10553,2024-10-30,Speedway Logistics
SHP01043,Delhi,Jaipur,Short,Packaged Foods,20.6,281.3,17557,2024-10-28,Bharat Roadways
SHP01044,Delhi,Jaipur,Short,Textiles,11.3,284.8,9946,2024-10-31,Bharat Roadways
SHP01045,Delhi,Jaipur,Short,FMCG Cartons,12.1,275.2,10084,2024-11-01,Om Sai Transport
SHP01046,Delhi,Jaipur,Short,Cement,17.8,276.6,14803,2024-11-03,Trident Carriers
SHP01047,Chennai,Bangalore,Medium,Cement,20.3,353.3,18602,2024-10-29,Om Sai Transport
SHP01048,Chennai,Bangalore,Medium,Textiles,9.7,351.2,8868,2024-10-29,Om Sai Transport
SHP01049,Chennai,Bangalore,Medium,Packaged Foods,13.9,345.5,12518,2024-10-29,Trident Carriers
SHP01050,Kolkata,Bhubaneswar,Medium,Cement,18.0,433.4,19277,2024-10-29,Om Sai Transport
SHP01051,Kolkata,Bhubaneswar,Medium,Textiles,11.2,439.3,12370,2024-10-30,Speedway Logistics
SHP01052,Kolkata,Bhubaneswar,Medium,Textiles,17.3,445.1,19674,2024-10-29,Shivam Freight Co
SHP01053,Kolkata,Bhubaneswar,Medium,Steel Coils,10.1,446.2,11683,2024-10-31,Shivam Freight Co
SHP01054,Ahmedabad,Mumbai,Medium,Steel Coils,18.5,525.3,25810,2024-10-29,Trident Carriers
SHP01055,Ahmedabad,Mumbai,Medium,Textiles,11.9,528.6,16895,2024-10-29,Bharat Roadways
SHP01056,Ahmedabad,Mumbai,Medium,Textiles,9.6,528.3,13673,2024-11-02,Bharat Roadways
SHP01057,Ahmedabad,Mumbai,Medium,Cement,14.1,528.4,19873,2024-11-02,Om Sai Transport
SHP01058,Mumbai,Delhi,Long,Steel Coils,9.2,1403.3,26277,2024-10-29,Trident Carriers
SHP01059,Mumbai,Delhi,Long,Packaged Foods,17.4,1388.6,47312,2024-10-31,Trident Carriers
SHP01060,Mumbai,Delhi,Long,Cement,15.0,1381.1,41763,2024-11-01,Om Sai Transport
SHP01061,Mumbai,Delhi,Long,FMCG Cartons,10.8,1398.0,30679,2024-10-29,Om Sai Transport
SHP01062,Mumbai,Pune,Short,Textiles,9.9,152.2,5300,2024-11-06,Bharat Roadways
SHP01063,Mumbai,Pune,Short,Textiles,18.8,148.8,9727,2024-11-08,Shivam Freight Co
SHP01064,Mumbai,Pune,Short,Packaged Foods,19.2,151.8,9763,2024-11-06,Bharat Roadways
SHP01065,Mumbai,Pune,Short,Cement,20.8,150.1,10641,2024-11-04,Om Sai Transport
SHP01066,Mumbai,Pune,Short,Packaged Foods,17.0,149.2,8645,2024-11-05,Shivam Freight Co
SHP01067,Delhi,Jaipur,Short,Textiles,11.7,282.3,10170,2024-11-05,Bharat Roadways
SHP01068,Delhi,Jaipur,Short,Packaged Foods,18.6,281.7,15918,2024-11-10,Speedway Logistics
SHP01069,Delhi,Jaipur,Short,Textiles,18.9,282.8,15823,2024-11-06,Om Sai Transport
SHP01070,Delhi,Jaipur,Short,Textiles,9.8,277.5,8063,2024-11-07,Shivam Freight Co
SHP01071,Delhi,Jaipur,Short,Textiles,15.1,283.7,12845,2024-11-10,Trident Carriers
SHP01072,Chennai,Bangalore,Medium,Steel Coils,21.3,354.2,20948,2024-11-04,Om Sai Transport
SHP01073,Chennai,Bangalore,Medium,Cement,14.1,344.2,12976,2024-11-04,Speedway Logistics
SHP01074,Chennai,Bangalore,Medium,Steel Coils,18.1,346.9,17113,2024-11-10,Shivam Freight Co
SHP01075,Chennai,Bangalore,Medium,Textiles,9.3,356.3,8988,2024-11-09,Speedway Logistics
SHP01076,Kolkata,Bhubaneswar,Medium,Cement,17.4,439.0,19371,2024-11-04,Speedway Logistics
SHP01077,Kolkata,Bhubaneswar,Medium,FMCG Cartons,15.8,445.9,17915,2024-11-08,Trident Carriers
SHP01078,Kolkata,Bhubaneswar,Medium,Auto Parts,17.7,439.8,20028,2024-11-08,Om Sai Transport
SHP01079,Kolkata,Bhubaneswar,Medium,FMCG Cartons,10.7,436.6,12206,2024-11-05,Speedway Logistics
SHP01080,Ahmedabad,Mumbai,Medium,Auto Parts,20.0,525.5,25966,2024-11-06,Speedway Logistics
SHP01081,Ahmedabad,Mumbai,Medium,Steel Coils,11.1,532.5,14950,2024-11-05,Speedway Logistics
SHP01082,Ahmedabad,Mumbai,Medium,Steel Coils,10.5,522.8,14265,2024-11-08,Om Sai Transport
SHP01083,Ahmedabad,Mumbai,Medium,Packaged Foods,11.4,524.9,15159,2024-11-04,Trident Carriers
SHP01084,Mumbai,Delhi,Long,Cement,21.7,1397.1,60521,2024-11-04,Om Sai Transport
SHP01085,Mumbai,Delhi,Long,Steel Coils,19.0,1424.1,55355,2024-11-06,Bharat Roadways
SHP01086,Mumbai,Delhi,Long,Packaged Foods,16.1,1426.3,45770,2024-11-09,Trident Carriers
SHP01087,Mumbai,Delhi,Long,Packaged Foods,12.8,1398.5,36613,2024-11-08,Speedway Logistics
SHP01088,Mumbai,Pune,Short,Cement,13.4,152.5,6910,2024-11-14,Speedway Logistics
SHP01089,Mumbai,Pune,Short,Steel Coils,10.5,151.1,5336,2024-11-15,Om Sai Transport
SHP01090,Mumbai,Pune,Short,Textiles,13.2,149.1,6858,2024-11-12,Shivam Freight Co
SHP01091,Mumbai,Pune,Short,Cement,21.2,148.3,10740,2024-11-11,Shivam Freight Co
SHP01092,Mumbai,Pune,Short,Auto Parts,17.8,152.1,9631,2024-11-15,Speedway Logistics
SHP01093,Delhi,Jaipur,Short,Auto Parts,21.3,281.2,25306,2024-11-13,Speedway Logistics
SHP01094,Delhi,Jaipur,Short,FMCG Cartons,14.6,282.4,16887,2024-11-11,Trident Carriers
SHP01095,Delhi,Jaipur,Short,Steel Coils,21.7,278.3,25465,2024-11-11,Om Sai Transport
SHP01096,Delhi,Jaipur,Short,Packaged Foods,14.4,282.7,16730,2024-11-12,Om Sai Transport
SHP01097,Chennai,Bangalore,Medium,FMCG Cartons,16.6,345.0,15557,2024-11-12,Om Sai Transport
SHP01098,Chennai,Bangalore,Medium,Auto Parts,15.8,356.8,15549,2024-11-15,Bharat Roadways
SHP01099,Chennai,Bangalore,Medium,Textiles,17.3,343.1,16310,2024-11-12,Om Sai Transport
SHP01100,Chennai,Bangalore,Medium,Auto Parts,18.8,352.9,18079,2024-11-12,Trident Carriers
SHP01101,Chennai,Bangalore,Medium,Textiles,9.5,350.8,9465,2024-11-17,Trident Carriers
SHP01102,Kolkata,Bhubaneswar,Medium,FMCG Cartons,9.3,439.4,10356,2024-11-13,Om Sai Transport
SHP01103,Kolkata,Bhubaneswar,Medium,Auto Parts,17.7,433.4,19784,2024-11-12,Speedway Logistics
SHP01104,Kolkata,Bhubaneswar,Medium,Textiles,18.9,431.7,21305,2024-11-11,Trident Carriers
SHP01105,Kolkata,Bhubaneswar,Medium,Packaged Foods,16.4,441.4,19328,2024-11-16,Om Sai Transport
SHP01106,Ahmedabad,Mumbai,Medium,Steel Coils,18.5,527.3,24770,2024-11-13,Shivam Freight Co
SHP01107,Ahmedabad,Mumbai,Medium,FMCG Cartons,13.2,520.6,18377,2024-11-12,Speedway Logistics
SHP01108,Ahmedabad,Mumbai,Medium,Cement,13.7,520.5,18799,2024-11-13,Trident Carriers
SHP01109,Ahmedabad,Mumbai,Medium,Packaged Foods,17.3,525.6,23174,2024-11-12,Speedway Logistics
SHP01110,Ahmedabad,Mumbai,Medium,FMCG Cartons,16.8,535.6,23059,2024-11-13,Trident Carriers
SHP01111,Mumbai,Delhi,Long,Steel Coils,10.2,1410.5,30075,2024-11-17,Bharat Roadways
SHP01112,Mumbai,Delhi,Long,FMCG Cartons,12.7,1379.7,37063,2024-11-14,Speedway Logistics
SHP01113,Mumbai,Delhi,Long,Textiles,11.0,1377.7,31000,2024-11-12,Shivam Freight Co
SHP01114,Mumbai,Delhi,Long,Textiles,21.4,1410.6,64105,2024-11-16,Bharat Roadways
SHP01115,Mumbai,Pune,Short,FMCG Cartons,19.6,147.5,10047,2024-11-21,Trident Carriers
SHP01116,Mumbai,Pune,Short,Textiles,10.8,151.1,5512,2024-11-22,Trident Carriers
SHP01117,Mumbai,Pune,Short,Steel Coils,13.0,148.0,6617,2024-11-18,Speedway Logistics
SHP01118,Mumbai,Pune,Short,Steel Coils,10.9,152.1,5527,2024-11-19,Speedway Logistics
SHP01119,Delhi,Jaipur,Short,Auto Parts,10.5,282.9,12000,2024-11-21,Bharat Roadways
SHP01120,Delhi,Jaipur,Short,Cement,9.4,276.6,10919,2024-11-22,Om Sai Transport
SHP01121,Delhi,Jaipur,Short,Cement,12.3,275.7,13739,2024-11-23,Bharat Roadways
SHP01122,Chennai,Bangalore,Medium,Cement,20.7,345.9,19604,2024-11-20,Bharat Roadways
SHP01123,Chennai,Bangalore,Medium,FMCG Cartons,18.7,345.0,17764,2024-11-22,Trident Carriers
SHP01124,Chennai,Bangalore,Medium,Textiles,15.5,345.2,15137,2024-11-19,Shivam Freight Co
SHP01125,Kolkata,Bhubaneswar,Medium,FMCG Cartons,9.2,441.4,10046,2024-11-19,Speedway Logistics
SHP01126,Kolkata,Bhubaneswar,Medium,Steel Coils,16.0,447.1,18514,2024-11-18,Shivam Freight Co
SHP01127,Kolkata,Bhubaneswar,Medium,Auto Parts,15.2,446.2,17271,2024-11-19,Bharat Roadways
SHP01128,Ahmedabad,Mumbai,Medium,Cement,14.5,540.2,20526,2024-11-21,Trident Carriers
SHP01129,Ahmedabad,Mumbai,Medium,FMCG Cartons,10.4,522.0,13904,2024-11-24,Trident Carriers
SHP01130,Ahmedabad,Mumbai,Medium,Auto Parts,9.5,531.2,13077,2024-11-18,Trident Carriers
SHP01131,Mumbai,Delhi,Long,Auto Parts,21.7,1389.5,62099,2024-11-22,Trident Carriers
SHP01132,Mumbai,Delhi,Long,Auto Parts,14.6,1427.2,43981,2024-11-24,Trident Carriers
SHP01133,Mumbai,Delhi,Long,Auto Parts,22.0,1382.0,62797,2024-11-18,Om Sai Transport
SHP01134,Mumbai,Delhi,Long,Auto Parts,17.8,1401.3,50366,2024-11-21,Shivam Freight Co
SHP01135,Mumbai,Pune,Short,FMCG Cartons,11.2,152.4,5867,2024-11-26,Speedway Logistics
SHP01136,Mumbai,Pune,Short,Auto Parts,21.9,150.6,11172,2024-12-01,Om Sai Transport
SHP01137,Mumbai,Pune,Short,Packaged Foods,18.3,148.7,9477,2024-11-27,Om Sai Transport
SHP01138,Delhi,Jaipur,Short,Steel Coils,14.3,281.2,12430,2024-11-27,Om Sai Transport
SHP01139,Delhi,Jaipur,Short,Steel Coils,12.3,275.6,10487,2024-11-30,Bharat Roadways
SHP01140,Delhi,Jaipur,Short,Cement,9.7,275.5,8054,2024-11-30,Speedway Logistics
SHP01141,Delhi,Jaipur,Short,Textiles,17.8,278.7,15029,2024-11-29,Bharat Roadways
SHP01142,Chennai,Bangalore,Medium,Packaged Foods,15.4,350.3,14723,2024-11-27,Om Sai Transport
SHP01143,Chennai,Bangalore,Medium,Textiles,12.4,349.9,11754,2024-12-01,Shivam Freight Co
SHP01144,Chennai,Bangalore,Medium,Auto Parts,18.9,343.2,18261,2024-11-25,Om Sai Transport
SHP01145,Kolkata,Bhubaneswar,Medium,FMCG Cartons,9.5,439.0,10933,2024-11-30,Speedway Logistics
SHP01146,Kolkata,Bhubaneswar,Medium,Cement,10.7,439.9,12746,2024-11-28,Shivam Freight Co
SHP01147,Kolkata,Bhubaneswar,Medium,Auto Parts,17.6,443.1,21081,2024-11-29,Om Sai Transport
SHP01148,Kolkata,Bhubaneswar,Medium,Auto Parts,11.0,441.1,12626,2024-11-27,Shivam Freight Co
SHP01149,Ahmedabad,Mumbai,Medium,Textiles,21.7,526.9,29112,2024-11-25,Bharat Roadways
SHP01150,Ahmedabad,Mumbai,Medium,Cement,13.8,522.1,18889,2024-11-29,Trident Carriers
SHP01151,Ahmedabad,Mumbai,Medium,FMCG Cartons,14.6,527.5,20408,2024-11-28,Bharat Roadways
SHP01152,Ahmedabad,Mumbai,Medium,Cement,12.2,533.4,16898,2024-11-29,Bharat Roadways
SHP01153,Mumbai,Delhi,Long,Auto Parts,16.0,1381.5,42697,2024-11-30,Shivam Freight Co
SHP01154,Mumbai,Delhi,Long,Textiles,14.5,1400.8,39193,2024-11-28,Bharat Roadways
SHP01155,Mumbai,Delhi,Long,Cement,13.9,1427.2,39154,2024-11-29,Om Sai Transport
SHP01156,Mumbai,Delhi,Long,Packaged Foods,17.8,1377.6,48239,2024-11-29,Trident Carriers
SHP01157,Mumbai,Pune,Short,Cement,14.7,149.2,7524,2024-12-08,Shivam Freight Co
SHP01158,Mumbai,Pune,Short,Auto Parts,12.4,148.3,6233,2024-12-06,Speedway Logistics
SHP01159,Mumbai,Pune,Short,Cement,21.5,150.7,11263,2024-12-06,Shivam Freight Co
SHP01160,Delhi,Jaipur,Short,Cement,15.9,280.7,13525,2024-12-04,Trident Carriers
SHP01161,Delhi,Jaipur,Short,Steel Coils,12.9,280.1,11106,2024-12-04,Om Sai Transport
SHP01162,Delhi,Jaipur,Short,Textiles,17.1,278.9,14476,2024-12-08,Speedway Logistics
SHP01163,Delhi,Jaipur,Short,Textiles,17.2,284.3,14899,2024-12-03,Om Sai Transport
SHP01164,Chennai,Bangalore,Medium,Textiles,21.2,354.5,20266,2024-12-07,Shivam Freight Co
SHP01165,Chennai,Bangalore,Medium,Packaged Foods,20.8,354.9,20714,2024-12-07,Bharat Roadways
SHP01166,Chennai,Bangalore,Medium,Packaged Foods,13.7,350.3,12847,2024-12-03,Trident Carriers
SHP01167,Kolkata,Bhubaneswar,Medium,Auto Parts,20.8,446.3,24155,2024-12-08,Trident Carriers
SHP01168,Kolkata,Bhubaneswar,Medium,Steel Coils,17.4,445.7,19726,2024-12-06,Om Sai Transport
SHP01169,Kolkata,Bhubaneswar,Medium,FMCG Cartons,10.9,435.4,11903,2024-12-08,Om Sai Transport
SHP01170,Kolkata,Bhubaneswar,Medium,Steel Coils,21.9,439.7,24740,2024-12-02,Speedway Logistics
SHP01171,Ahmedabad,Mumbai,Medium,Packaged Foods,19.4,524.9,25452,2024-12-03,Bharat Roadways
SHP01172,Ahmedabad,Mumbai,Medium,Cement,15.3,539.8,19859,2024-12-08,Trident Carriers
SHP01173,Ahmedabad,Mumbai,Medium,FMCG Cartons,20.3,532.2,27391,2024-12-05,Bharat Roadways
SHP01174,Ahmedabad,Mumbai,Medium,Cement,19.9,527.8,26539,2024-12-03,Shivam Freight Co
SHP01175,Mumbai,Delhi,Long,Textiles,17.6,1378.8,49988,2024-12-08,Trident Carriers
SHP01176,Mumbai,Delhi,Long,FMCG Cartons,10.2,1399.8,29446,2024-12-08,Trident Carriers
SHP01177,Mumbai,Delhi,Long,Steel Coils,18.6,1418.6,55085,2024-12-07,Om Sai Transport
SHP01178,Mumbai,Delhi,Long,Auto Parts,10.4,1384.2,29006,2024-12-04,Om Sai Transport
SHP01179,Mumbai,Delhi,Long,Packaged Foods,16.7,1386.2,47430,2024-12-04,Bharat Roadways
SHP01180,Mumbai,Pune,Short,Steel Coils,12.2,149.8,6153,2024-12-15,Trident Carriers
SHP01181,Mumbai,Pune,Short,Textiles,13.8,149.9,6978,2024-12-14,Bharat Roadways
SHP01182,Mumbai,Pune,Short,Packaged Foods,17.6,152.0,9370,2024-12-14,Speedway Logistics
SHP01183,Mumbai,Pune,Short,FMCG Cartons,14.0,148.5,7154,2024-12-14,Bharat Roadways
SHP01184,Delhi,Jaipur,Short,FMCG Cartons,14.1,284.0,13092,2024-12-12,Trident Carriers
SHP01185,Delhi,Jaipur,Short,Steel Coils,19.7,275.4,17038,2024-12-10,Om Sai Transport
SHP01186,Delhi,Jaipur,Short,Cement,20.4,281.5,18618,2024-12-12,Trident Carriers
SHP01187,Delhi,Jaipur,Short,Packaged Foods,19.7,284.1,18331,2024-12-12,Om Sai Transport
SHP01188,Delhi,Jaipur,Short,Cement,13.3,284.8,12031,2024-12-15,Speedway Logistics
SHP01189,Chennai,Bangalore,Medium,Packaged Foods,14.5,343.9,13388,2024-12-13,Trident Carriers
SHP01190,Chennai,Bangalore,Medium,Steel Coils,9.4,349.3,8462,2024-12-14,Om Sai Transport
SHP01191,Chennai,Bangalore,Medium,FMCG Cartons,10.8,354.1,10068,2024-12-14,Trident Carriers
SHP01192,Chennai,Bangalore,Medium,Packaged Foods,10.4,351.1,9525,2024-12-14,Speedway Logistics
SHP01193,Chennai,Bangalore,Medium,Auto Parts,17.9,354.9,17120,2024-12-11,Om Sai Transport
SHP01194,Kolkata,Bhubaneswar,Medium,Steel Coils,16.7,434.3,18115,2024-12-11,Bharat Roadways
SHP01195,Kolkata,Bhubaneswar,Medium,Textiles,11.4,438.5,12901,2024-12-15,Speedway Logistics
SHP01196,Kolkata,Bhubaneswar,Medium,Packaged Foods,9.3,431.6,10166,2024-12-13,Speedway Logistics
SHP01197,Kolkata,Bhubaneswar,Medium,Steel Coils,21.7,447.2,24048,2024-12-14,Bharat Roadways
SHP01198,Kolkata,Bhubaneswar,Medium,FMCG Cartons,14.6,438.3,15918,2024-12-09,Speedway Logistics
SHP01199,Ahmedabad,Mumbai,Medium,Packaged Foods,14.7,534.6,19916,2024-12-12,Om Sai Transport
SHP01200,Ahmedabad,Mumbai,Medium,FMCG Cartons,18.3,521.9,23171,2024-12-15,Trident Carriers
SHP01201,Ahmedabad,Mumbai,Medium,Textiles,14.0,535.2,18445,2024-12-10,Speedway Logistics
SHP01202,Ahmedabad,Mumbai,Medium,Steel Coils,12.7,540.5,17149,2024-12-12,Om Sai Transport
SHP01203,Ahmedabad,Mumbai,Medium,Textiles,9.4,536.2,12815,2024-12-10,Om Sai Transport
SHP01204,Mumbai,Delhi,Long,FMCG Cartons,15.0,1410.3,41654,2024-12-10,Om Sai Transport
SHP01205,Mumbai,Delhi,Long,Textiles,18.3,1410.5,53018,2024-12-14,Trident Carriers
SHP01206,Mumbai,Delhi,Long,Auto Parts,16.2,1376.1,44008,2024-12-10,Trident Carriers
SHP01207,Mumbai,Pune,Short,Cement,16.8,152.8,9169,2024-12-16,Trident Carriers
SHP01208,Mumbai,Pune,Short,FMCG Cartons,14.0,150.0,7603,2024-12-21,Speedway Logistics
SHP01209,Mumbai,Pune,Short,Steel Coils,16.3,152.8,8808,2024-12-18,Shivam Freight Co
SHP01210,Mumbai,Pune,Short,FMCG Cartons,13.4,150.0,7061,2024-12-16,Shivam Freight Co
SHP01211,Mumbai,Pune,Short,Auto Parts,12.4,149.6,6456,2024-12-17,Trident Carriers
SHP01212,Delhi,Jaipur,Short,FMCG Cartons,20.7,279.2,17465,2024-12-22,Shivam Freight Co
SHP01213,Delhi,Jaipur,Short,Steel Coils,20.6,277.9,17355,2024-12-19,Shivam Freight Co
SHP01214,Delhi,Jaipur,Short,Steel Coils,17.5,284.0,15508,2024-12-16,Speedway Logistics
SHP01215,Delhi,Jaipur,Short,Packaged Foods,11.4,275.0,9593,2024-12-17,Om Sai Transport
SHP01216,Delhi,Jaipur,Short,Auto Parts,21.9,279.3,19231,2024-12-16,Trident Carriers
SHP01217,Chennai,Bangalore,Medium,Cement,10.5,349.4,10085,2024-12-17,Trident Carriers
SHP01218,Chennai,Bangalore,Medium,Packaged Foods,20.3,344.3,18600,2024-12-17,Shivam Freight Co
SHP01219,Chennai,Bangalore,Medium,Textiles,16.3,354.5,15831,2024-12-17,Bharat Roadways
SHP01220,Chennai,Bangalore,Medium,Steel Coils,16.4,350.4,15513,2024-12-16,Om Sai Transport
SHP01221,Chennai,Bangalore,Medium,Packaged Foods,20.5,352.5,19048,2024-12-21,Bharat Roadways
SHP01222,Kolkata,Bhubaneswar,Medium,Cement,10.4,447.6,11854,2024-12-16,Om Sai Transport
SHP01223,Kolkata,Bhubaneswar,Medium,Textiles,17.6,445.8,20138,2024-12-18,Bharat Roadways
SHP01224,Kolkata,Bhubaneswar,Medium,FMCG Cartons,9.6,437.0,10876,2024-12-19,Shivam Freight Co
SHP01225,Kolkata,Bhubaneswar,Medium,FMCG Cartons,20.2,433.5,22945,2024-12-18,Bharat Roadways
SHP01226,Ahmedabad,Mumbai,Medium,Steel Coils,14.0,539.6,18489,2024-12-17,Om Sai Transport
SHP01227,Ahmedabad,Mumbai,Medium,Auto Parts,20.1,521.3,25280,2024-12-22,Trident Carriers
SHP01228,Ahmedabad,Mumbai,Medium,Auto Parts,21.4,533.1,27509,2024-12-18,Om Sai Transport
SHP01229,Ahmedabad,Mumbai,Medium,Steel Coils,21.0,535.0,28336,2024-12-20,Trident Carriers
SHP01230,Ahmedabad,Mumbai,Medium,Auto Parts,19.8,533.5,26031,2024-12-19,Om Sai Transport
SHP01231,Mumbai,Delhi,Long,Textiles,10.2,1405.6,28713,2024-12-18,Speedway Logistics
SHP01232,Mumbai,Delhi,Long,Auto Parts,14.5,1396.3,39613,2024-12-18,Speedway Logistics
SHP01233,Mumbai,Delhi,Long,Packaged Foods,18.3,1408.3,53194,2024-12-20,Shivam Freight Co
SHP01234,Mumbai,Delhi,Long,Auto Parts,15.1,1376.7,40770,2024-12-22,Trident Carriers
SHP01235,Mumbai,Pune,Short,FMCG Cartons,12.9,151.1,6780,2024-12-26,Shivam Freight Co
SHP01236,Mumbai,Pune,Short,Textiles,10.0,147.3,5060,2024-12-23,Om Sai Transport
SHP01237,Mumbai,Pune,Short,FMCG Cartons,15.0,149.5,8025,2024-12-29,Trident Carriers
SHP01238,Delhi,Jaipur,Short,Steel Coils,9.2,283.0,8244,2024-12-26,Speedway Logistics
SHP01239,Delhi,Jaipur,Short,FMCG Cartons,9.6,283.8,8461,2024-12-28,Trident Carriers
SHP01240,Delhi,Jaipur,Short,FMCG Cartons,14.9,281.0,13202,2024-12-27,Trident Carriers
SHP01241,Delhi,Jaipur,Short,Cement,20.3,285.2,17731,2024-12-24,Shivam Freight Co
SHP01242,Chennai,Bangalore,Medium,Cement,15.9,344.5,14778,2024-12-23,Speedway Logistics
SHP01243,Chennai,Bangalore,Medium,Packaged Foods,15.0,352.2,14605,2024-12-28,Shivam Freight Co
SHP01244,Chennai,Bangalore,Medium,FMCG Cartons,12.9,353.2,12906,2024-12-27,Om Sai Transport
SHP01245,Chennai,Bangalore,Medium,Cement,10.1,354.3,9731,2024-12-24,Bharat Roadways
SHP01246,Kolkata,Bhubaneswar,Medium,Steel Coils,11.7,446.3,14213,2024-12-28,Om Sai Transport
SHP01247,Kolkata,Bhubaneswar,Medium,FMCG Cartons,20.2,446.0,24362,2024-12-23,Om Sai Transport
SHP01248,Kolkata,Bhubaneswar,Medium,Packaged Foods,14.5,433.8,16579,2024-12-24,Om Sai Transport
SHP01249,Kolkata,Bhubaneswar,Medium,Steel Coils,15.1,448.2,18653,2024-12-27,Speedway Logistics
SHP01250,Kolkata,Bhubaneswar,Medium,Cement,19.8,436.4,23160,2024-12-25,Bharat Roadways
SHP01251,Ahmedabad,Mumbai,Medium,Textiles,14.4,528.6,19945,2024-12-27,Shivam Freight Co
SHP01252,Ahmedabad,Mumbai,Medium,Textiles,9.5,540.6,13379,2024-12-27,Shivam Freight Co
SHP01253,Ahmedabad,Mumbai,Medium,Packaged Foods,20.8,539.2,30043,2024-12-24,Bharat Roadways
SHP01254,Ahmedabad,Mumbai,Medium,FMCG Cartons,14.5,530.6,19942,2024-12-23,Om Sai Transport
SHP01255,Ahmedabad,Mumbai,Medium,FMCG Cartons,10.5,538.2,14920,2024-12-28,Om Sai Transport
SHP01256,Mumbai,Delhi,Long,Steel Coils,18.4,1381.0,51730,2024-12-26,Shivam Freight Co
SHP01257,Mumbai,Delhi,Long,Packaged Foods,20.8,1384.3,58159,2024-12-27,Om Sai Transport
SHP01258,Mumbai,Delhi,Long,Packaged Foods,12.8,1379.3,36465,2024-12-26,Trident Carriers
SHP01259,Mumbai,Delhi,Long,Steel Coils,19.4,1416.6,57209,2024-12-27,Trident Carriers
SHP01260,Mumbai,Delhi,Long,Steel Coils,10.1,1410.7,29030,2024-12-24,Speedway Logistics
SHP01261,Mumbai,Pune,Short,Steel Coils,21.3,151.8,10982,2024-12-31,Shivam Freight Co
SHP01262,Mumbai,Pune,Short,Packaged Foods,9.2,147.3,4710,2025-01-01,Speedway Logistics
SHP01263,Mumbai,Pune,Short,Cement,20.2,148.0,10160,2025-01-05,Trident Carriers
SHP01264,Mumbai,Pune,Short,Auto Parts,17.0,149.6,8445,2024-12-31,Trident Carriers
SHP01265,Mumbai,Pune,Short,Textiles,19.2,153.0,10143,2025-01-05,Trident Carriers
SHP01266,Delhi,Jaipur,Short,Auto Parts,16.9,284.2,14947,2024-12-30,Om Sai Transport
SHP01267,Delhi,Jaipur,Short,Textiles,18.8,285.2,17578,2025-01-05,Shivam Freight Co
SHP01268,Delhi,Jaipur,Short,Textiles,21.3,283.2,19602,2024-12-30,Bharat Roadways
SHP01269,Chennai,Bangalore,Medium,Packaged Foods,20.8,355.2,19741,2025-01-01,Om Sai Transport
SHP01270,Chennai,Bangalore,Medium,Packaged Foods,15.5,353.7,15289,2024-12-31,Trident Carriers
SHP01271,Chennai,Bangalore,Medium,Auto Parts,10.8,347.7,10459,2025-01-02,Bharat Roadways
SHP01272,Kolkata,Bhubaneswar,Medium,FMCG Cartons,12.7,439.5,14607,2025-01-01,Om Sai Transport
SHP01273,Kolkata,Bhubaneswar,Medium,Textiles,17.6,437.5,20127,2025-01-05,Om Sai Transport
SHP01274,Kolkata,Bhubaneswar,Medium,Auto Parts,10.8,445.1,12778,2025-01-02,Shivam Freight Co
SHP01275,Ahmedabad,Mumbai,Medium,Textiles,10.9,520.0,13873,2025-01-05,Bharat Roadways
SHP01276,Ahmedabad,Mumbai,Medium,Auto Parts,13.1,521.2,17716,2024-12-31,Bharat Roadways
SHP01277,Ahmedabad,Mumbai,Medium,Textiles,9.5,527.7,12963,2024-12-31,Bharat Roadways
SHP01278,Ahmedabad,Mumbai,Medium,FMCG Cartons,21.7,540.1,30086,2025-01-03,Om Sai Transport
SHP01279,Ahmedabad,Mumbai,Medium,Packaged Foods,17.9,527.9,23906,2025-01-01,Trident Carriers
SHP01280,Mumbai,Delhi,Long,Auto Parts,15.9,1387.7,44548,2025-01-04,Om Sai Transport
SHP01281,Mumbai,Delhi,Long,Packaged Foods,20.5,1408.1,57270,2025-01-03,Om Sai Transport
SHP01282,Mumbai,Delhi,Long,Steel Coils,20.5,1411.1,57929,2025-01-02,Trident Carriers
SHP01283,Mumbai,Delhi,Long,Packaged Foods,16.0,1376.7,43092,2025-01-04,Speedway Logistics
SHP01284,Mumbai,Pune,Short,FMCG Cartons,10.2,148.7,5377,2025-01-10,Speedway Logistics
SHP01285,Mumbai,Pune,Short,Steel Coils,20.6,147.1,10734,2025-01-08,Trident Carriers
SHP01286,Mumbai,Pune,Short,FMCG Cartons,21.8,151.4,11391,2025-01-06,Trident Carriers
SHP01287,Mumbai,Pune,Short,Cement,13.6,150.8,7051,2025-01-11,Om Sai Transport
SHP01288,Mumbai,Pune,Short,Packaged Foods,18.6,148.8,9753,2025-01-07,Shivam Freight Co
SHP01289,Delhi,Jaipur,Short,FMCG Cartons,17.7,284.9,16230,2025-01-07,Trident Carriers
SHP01290,Delhi,Jaipur,Short,Steel Coils,19.2,277.6,17023,2025-01-11,Om Sai Transport
SHP01291,Delhi,Jaipur,Short,Steel Coils,12.2,280.2,10668,2025-01-10,Trident Carriers
SHP01292,Delhi,Jaipur,Short,Cement,10.9,279.5,9564,2025-01-09,Bharat Roadways
SHP01293,Delhi,Jaipur,Short,Cement,20.6,275.1,17844,2025-01-09,Trident Carriers
SHP01294,Chennai,Bangalore,Medium,Textiles,15.7,351.2,14824,2025-01-08,Om Sai Transport
SHP01295,Chennai,Bangalore,Medium,Packaged Foods,22.0,351.9,21184,2025-01-09,Om Sai Transport
SHP01296,Chennai,Bangalore,Medium,Auto Parts,10.9,354.5,10221,2025-01-11,Speedway Logistics
SHP01297,Chennai,Bangalore,Medium,Steel Coils,15.7,356.6,15175,2025-01-11,Om Sai Transport
SHP01298,Chennai,Bangalore,Medium,Cement,18.7,349.6,18160,2025-01-08,Shivam Freight Co
SHP01299,Kolkata,Bhubaneswar,Medium,FMCG Cartons,12.8,437.7,14132,2025-01-06,Trident Carriers
SHP01300,Kolkata,Bhubaneswar,Medium,Steel Coils,12.9,448.6,14565,2025-01-12,Speedway Logistics
SHP01301,Kolkata,Bhubaneswar,Medium,FMCG Cartons,14.5,445.0,16680,2025-01-08,Speedway Logistics
SHP01302,Kolkata,Bhubaneswar,Medium,FMCG Cartons,18.6,434.4,19745,2025-01-10,Bharat Roadways
SHP01303,Ahmedabad,Mumbai,Medium,Auto Parts,16.4,531.5,22611,2025-01-12,Om Sai Transport
SHP01304,Ahmedabad,Mumbai,Medium,Textiles,19.8,537.1,26346,2025-01-07,Om Sai Transport
SHP01305,Ahmedabad,Mumbai,Medium,FMCG Cartons,17.7,535.5,23505,2025-01-11,Bharat Roadways
SHP01306,Mumbai,Delhi,Long,Cement,12.0,1394.9,34548,2025-01-10,Om Sai Transport
SHP01307,Mumbai,Delhi,Long,Cement,17.4,1413.2,52194,2025-01-11,Shivam Freight Co
SHP01308,Mumbai,Delhi,Long,Cement,19.0,1407.3,54899,2025-01-11,Shivam Freight Co
SHP01309,Mumbai,Delhi,Long,Cement,21.4,1376.8,61349,2025-01-12,Shivam Freight Co
SHP01310,Mumbai,Delhi,Long,Cement,18.8,1401.2,54722,2025-01-06,Shivam Freight Co
SHP01311,Mumbai,Pune,Short,Textiles,11.7,148.6,6251,2025-01-19,Om Sai Transport
SHP01312,Mumbai,Pune,Short,Cement,15.9,147.5,8180,2025-01-17,Om Sai Transport
SHP01313,Mumbai,Pune,Short,Cement,9.3,152.2,4972,2025-01-16,Shivam Freight Co
SHP01314,Delhi,Jaipur,Short,Steel Coils,21.7,275.4,18397,2025-01-15,Speedway Logistics
SHP01315,Delhi,Jaipur,Short,Packaged Foods,10.2,277.3,8585,2025-01-16,Speedway Logistics
SHP01316,Delhi,Jaipur,Short,Cement,21.5,275.1,17815,2025-01-18,Trident Carriers
SHP01317,Delhi,Jaipur,Short,FMCG Cartons,13.2,278.8,11242,2025-01-15,Om Sai Transport
SHP01318,Chennai,Bangalore,Medium,Textiles,16.8,346.4,14910,2025-01-17,Om Sai Transport
SHP01319,Chennai,Bangalore,Medium,Auto Parts,12.5,356.3,11468,2025-01-17,Bharat Roadways
SHP01320,Chennai,Bangalore,Medium,FMCG Cartons,14.3,349.8,12814,2025-01-13,Shivam Freight Co
SHP01321,Kolkata,Bhubaneswar,Medium,Textiles,16.2,435.5,18919,2025-01-15,Om Sai Transport
SHP01322,Kolkata,Bhubaneswar,Medium,Steel Coils,20.0,439.0,23148,2025-01-19,Trident Carriers
SHP01323,Kolkata,Bhubaneswar,Medium,Textiles,11.2,440.7,12814,2025-01-16,Om Sai Transport
SHP01324,Kolkata,Bhubaneswar,Medium,FMCG Cartons,19.6,431.9,22935,2025-01-17,Speedway Logistics
SHP01325,Kolkata,Bhubaneswar,Medium,FMCG Cartons,21.1,431.2,23961,2025-01-17,Om Sai Transport
SHP01326,Ahmedabad,Mumbai,Medium,Packaged Foods,19.9,523.9,26955,2025-01-14,Shivam Freight Co
SHP01327,Ahmedabad,Mumbai,Medium,Steel Coils,12.9,531.3,17843,2025-01-13,Shivam Freight Co
SHP01328,Ahmedabad,Mumbai,Medium,FMCG Cartons,20.4,540.6,28391,2025-01-17,Trident Carriers
SHP01329,Ahmedabad,Mumbai,Medium,Steel Coils,21.7,532.9,30673,2025-01-15,Trident Carriers
SHP01330,Mumbai,Delhi,Long,Packaged Foods,13.3,1425.7,38915,2025-01-14,Bharat Roadways
SHP01331,Mumbai,Delhi,Long,Auto Parts,9.1,1406.1,24870,2025-01-14,Shivam Freight Co
SHP01332,Mumbai,Delhi,Long,Cement,18.1,1422.1,52357,2025-01-17,Bharat Roadways
SHP01333,Mumbai,Delhi,Long,Packaged Foods,20.6,1402.2,58941,2025-01-16,Bharat Roadways
SHP01334,Mumbai,Pune,Short,Packaged Foods,16.8,149.3,8790,2025-01-26,Bharat Roadways
SHP01335,Mumbai,Pune,Short,Steel Coils,13.8,147.7,7059,2025-01-20,Bharat Roadways
SHP01336,Mumbai,Pune,Short,Cement,17.8,151.6,9641,2025-01-21,Shivam Freight Co
SHP01337,Mumbai,Pune,Short,FMCG Cartons,19.5,150.8,10202,2025-01-23,Bharat Roadways
SHP01338,Delhi,Jaipur,Short,Packaged Foods,16.9,282.3,14344,2025-01-26,Om Sai Transport
SHP01339,Delhi,Jaipur,Short,Textiles,12.6,275.6,10759,2025-01-21,Speedway Logistics
SHP01340,Delhi,Jaipur,Short,Steel Coils,16.4,281.8,14475,2025-01-24,Bharat Roadways
SHP01341,Delhi,Jaipur,Short,Steel Coils,18.7,281.0,15916,2025-01-24,Shivam Freight Co
SHP01342,Chennai,Bangalore,Medium,Packaged Foods,17.8,345.7,17491,2025-01-25,Shivam Freight Co
SHP01343,Chennai,Bangalore,Medium,Auto Parts,17.8,351.6,17677,2025-01-20,Bharat Roadways
SHP01344,Chennai,Bangalore,Medium,FMCG Cartons,13.2,355.0,13205,2025-01-23,Bharat Roadways
SHP01345,Chennai,Bangalore,Medium,Cement,15.1,352.5,14574,2025-01-26,Speedway Logistics
SHP01346,Chennai,Bangalore,Medium,Cement,20.9,343.7,19872,2025-01-22,Om Sai Transport
SHP01347,Kolkata,Bhubaneswar,Medium,Packaged Foods,19.5,446.7,23006,2025-01-21,Om Sai Transport
SHP01348,Kolkata,Bhubaneswar,Medium,FMCG Cartons,20.9,448.1,23591,2025-01-22,Bharat Roadways
SHP01349,Kolkata,Bhubaneswar,Medium,Cement,10.3,442.2,11671,2025-01-26,Shivam Freight Co
SHP01350,Ahmedabad,Mumbai,Medium,Cement,12.2,537.2,21583,2025-01-22,Trident Carriers
SHP01351,Ahmedabad,Mumbai,Medium,Textiles,12.1,530.4,20626,2025-01-24,Om Sai Transport
SHP01352,Ahmedabad,Mumbai,Medium,Cement,17.1,535.6,30353,2025-01-20,Bharat Roadways
SHP01353,Ahmedabad,Mumbai,Medium,Steel Coils,20.6,527.4,36251,2025-01-26,Bharat Roadways
SHP01354,Ahmedabad,Mumbai,Medium,Auto Parts,14.7,538.9,25818,2025-01-25,Bharat Roadways
SHP01355,Mumbai,Delhi,Long,Textiles,12.8,1403.3,37080,2025-01-20,Om Sai Transport
SHP01356,Mumbai,Delhi,Long,Auto Parts,16.8,1385.1,48844,2025-01-20,Om Sai Transport
SHP01357,Mumbai,Delhi,Long,FMCG Cartons,14.6,1398.0,42743,2025-01-20,Bharat Roadways
SHP01358,Mumbai,Pune,Short,Cement,10.4,150.5,5173,2025-02-01,Shivam Freight Co
SHP01359,Mumbai,Pune,Short,Textiles,11.5,151.7,5966,2025-02-01,Trident Carriers
SHP01360,Mumbai,Pune,Short,Steel Coils,15.3,149.1,7823,2025-01-28,Speedway Logistics
SHP01361,Mumbai,Pune,Short,Textiles,9.8,151.8,5008,2025-01-30,Trident Carriers
SHP01362,Delhi,Jaipur,Short,FMCG Cartons,10.9,280.5,9524,2025-01-31,Trident Carriers
SHP01363,Delhi,Jaipur,Short,Steel Coils,9.1,278.5,7950,2025-02-01,Bharat Roadways
SHP01364,Delhi,Jaipur,Short,Auto Parts,19.6,277.1,17010,2025-01-27,Trident Carriers
SHP01365,Delhi,Jaipur,Short,Cement,11.6,276.6,10259,2025-02-02,Trident Carriers
SHP01366,Chennai,Bangalore,Medium,Textiles,21.8,352.7,21165,2025-01-29,Shivam Freight Co
SHP01367,Chennai,Bangalore,Medium,Cement,17.0,356.5,16502,2025-01-28,Om Sai Transport
SHP01368,Chennai,Bangalore,Medium,Packaged Foods,20.8,355.3,20217,2025-01-27,Speedway Logistics
SHP01369,Kolkata,Bhubaneswar,Medium,FMCG Cartons,12.1,442.2,13803,2025-02-02,Om Sai Transport
SHP01370,Kolkata,Bhubaneswar,Medium,Cement,11.4,434.8,12980,2025-01-29,Bharat Roadways
SHP01371,Kolkata,Bhubaneswar,Medium,Steel Coils,16.2,437.5,17643,2025-01-30,Shivam Freight Co
SHP01372,Kolkata,Bhubaneswar,Medium,Steel Coils,13.7,447.3,16034,2025-01-28,Trident Carriers
SHP01373,Kolkata,Bhubaneswar,Medium,Textiles,20.5,434.3,22946,2025-01-29,Speedway Logistics
SHP01374,Ahmedabad,Mumbai,Medium,Packaged Foods,12.4,523.1,15752,2025-02-02,Speedway Logistics
SHP01375,Ahmedabad,Mumbai,Medium,FMCG Cartons,19.2,527.4,24605,2025-01-28,Om Sai Transport
SHP01376,Ahmedabad,Mumbai,Medium,Textiles,19.5,524.5,25692,2025-01-31,Om Sai Transport
SHP01377,Mumbai,Delhi,Long,Textiles,21.0,1380.1,58362,2025-01-28,Om Sai Transport
SHP01378,Mumbai,Delhi,Long,Steel Coils,13.1,1410.9,36418,2025-02-01,Bharat Roadways
SHP01379,Mumbai,Delhi,Long,Steel Coils,16.6,1414.7,47457,2025-01-29,Trident Carriers
SHP01380,Mumbai,Delhi,Long,Textiles,17.2,1385.8,46542,2025-01-28,Shivam Freight Co
SHP01381,Mumbai,Delhi,Long,Packaged Foods,11.7,1421.6,32085,2025-01-30,Shivam Freight Co
SHP01382,Mumbai,Pune,Short,Auto Parts,20.5,149.3,10282,2025-02-05,Shivam Freight Co
SHP01383,Mumbai,Pune,Short,Auto Parts,13.2,149.8,6495,2025-02-08,Om Sai Transport
SHP01384,Mumbai,Pune,Short,Textiles,16.6,149.8,8298,2025-02-09,Bharat Roadways
SHP01385,Delhi,Jaipur,Short,Auto Parts,20.2,276.7,16832,2025-02-05,Om Sai Transport
SHP01386,Delhi,Jaipur,Short,Cement,21.2,280.8,17904,2025-02-07,Speedway Logistics
SHP01387,Delhi,Jaipur,Short,Textiles,12.8,282.8,10982,2025-02-04,Bharat Roadways
SHP01388,Chennai,Bangalore,Medium,Auto Parts,14.9,347.7,13945,2025-02-05,Trident Carriers
SHP01389,Chennai,Bangalore,Medium,Packaged Foods,9.3,346.8,8686,2025-02-05,Bharat Roadways
SHP01390,Chennai,Bangalore,Medium,Textiles,10.1,348.0,9695,2025-02-07,Bharat Roadways
SHP01391,Chennai,Bangalore,Medium,FMCG Cartons,21.0,354.0,19607,2025-02-03,Bharat Roadways
SHP01392,Kolkata,Bhubaneswar,Medium,Packaged Foods,13.3,434.7,14498,2025-02-09,Trident Carriers
SHP01393,Kolkata,Bhubaneswar,Medium,Packaged Foods,16.9,434.6,18234,2025-02-09,Shivam Freight Co
SHP01394,Kolkata,Bhubaneswar,Medium,FMCG Cartons,9.1,447.3,10205,2025-02-09,Om Sai Transport
SHP01395,Kolkata,Bhubaneswar,Medium,Auto Parts,19.7,447.8,22733,2025-02-03,Shivam Freight Co
SHP01396,Kolkata,Bhubaneswar,Medium,Steel Coils,21.4,448.6,24896,2025-02-04,Speedway Logistics
SHP01397,Ahmedabad,Mumbai,Medium,Auto Parts,16.2,531.8,21460,2025-02-09,Trident Carriers
SHP01398,Ahmedabad,Mumbai,Medium,Packaged Foods,13.1,536.2,17202,2025-02-09,Om Sai Transport
SHP01399,Ahmedabad,Mumbai,Medium,Steel Coils,14.8,523.8,19415,2025-02-05,Shivam Freight Co
SHP01400,Ahmedabad,Mumbai,Medium,Packaged Foods,13.0,537.9,17701,2025-02-06,Trident Carriers
SHP01401,Mumbai,Delhi,Long,Textiles,18.8,1395.8,53443,2025-02-08,Trident Carriers
SHP01402,Mumbai,Delhi,Long,Steel Coils,9.3,1390.3,26368,2025-02-04,Trident Carriers
SHP01403,Mumbai,Delhi,Long,Auto Parts,19.4,1403.8,55959,2025-02-07,Om Sai Transport
SHP01404,Mumbai,Delhi,Long,Auto Parts,14.1,1383.4,39190,2025-02-04,Bharat Roadways
SHP01405,Mumbai,Pune,Short,Packaged Foods,20.6,149.7,10286,2025-02-10,Shivam Freight Co
SHP01406,Mumbai,Pune,Short,Steel Coils,19.7,148.1,10037,2025-02-10,Speedway Logistics
SHP01407,Mumbai,Pune,Short,FMCG Cartons,21.5,147.4,10694,2025-02-11,Shivam Freight Co
SHP01408,Mumbai,Pune,Short,FMCG Cartons,9.7,147.4,4894,2025-02-11,Om Sai Transport
SHP01409,Delhi,Jaipur,Short,Auto Parts,16.0,275.6,13277,2025-02-10,Speedway Logistics
SHP01410,Delhi,Jaipur,Short,Packaged Foods,11.7,275.9,9693,2025-02-15,Om Sai Transport
SHP01411,Delhi,Jaipur,Short,Textiles,16.5,276.2,13584,2025-02-11,Om Sai Transport
SHP01412,Delhi,Jaipur,Short,Auto Parts,9.1,277.5,7450,2025-02-10,Shivam Freight Co
SHP01413,Chennai,Bangalore,Medium,Cement,20.4,355.7,19586,2025-02-14,Bharat Roadways
SHP01414,Chennai,Bangalore,Medium,Packaged Foods,20.5,347.0,19196,2025-02-15,Trident Carriers
SHP01415,Chennai,Bangalore,Medium,Steel Coils,19.7,348.5,18965,2025-02-13,Speedway Logistics
SHP01416,Kolkata,Bhubaneswar,Medium,Cement,20.8,439.3,23741,2025-02-14,Om Sai Transport
SHP01417,Kolkata,Bhubaneswar,Medium,FMCG Cartons,9.6,443.5,11537,2025-02-11,Shivam Freight Co
SHP01418,Kolkata,Bhubaneswar,Medium,Steel Coils,20.9,436.3,24438,2025-02-15,Om Sai Transport
SHP01419,Kolkata,Bhubaneswar,Medium,Cement,18.9,438.4,21446,2025-02-12,Bharat Roadways
SHP01420,Kolkata,Bhubaneswar,Medium,FMCG Cartons,19.1,440.1,22143,2025-02-11,Speedway Logistics
SHP01421,Ahmedabad,Mumbai,Medium,Auto Parts,17.3,520.0,22337,2025-02-13,Trident Carriers
SHP01422,Ahmedabad,Mumbai,Medium,FMCG Cartons,20.1,535.2,26268,2025-02-10,Bharat Roadways
SHP01423,Ahmedabad,Mumbai,Medium,Auto Parts,10.8,534.4,14326,2025-02-13,Om Sai Transport
SHP01424,Ahmedabad,Mumbai,Medium,Steel Coils,16.1,520.8,20284,2025-02-13,Om Sai Transport
SHP01425,Ahmedabad,Mumbai,Medium,Textiles,19.9,536.8,25729,2025-02-10,Bharat Roadways
SHP01426,Mumbai,Delhi,Long,Cement,14.1,1401.9,38844,2025-02-16,Trident Carriers
SHP01427,Mumbai,Delhi,Long,Packaged Foods,13.7,1380.6,37487,2025-02-10,Shivam Freight Co
SHP01428,Mumbai,Delhi,Long,Textiles,18.1,1384.1,51531,2025-02-16,Bharat Roadways
SHP01429,Mumbai,Pune,Short,Steel Coils,16.8,149.7,8446,2025-02-20,Speedway Logistics
SHP01430,Mumbai,Pune,Short,Cement,12.1,149.2,6079,2025-02-20,Bharat Roadways
SHP01431,Mumbai,Pune,Short,Cement,11.5,149.0,5975,2025-02-18,Speedway Logistics
SHP01432,Mumbai,Pune,Short,FMCG Cartons,9.6,151.3,5017,2025-02-23,Trident Carriers
SHP01433,Delhi,Jaipur,Short,Cement,21.1,281.4,18476,2025-02-20,Speedway Logistics
SHP01434,Delhi,Jaipur,Short,Packaged Foods,13.6,276.8,11557,2025-02-20,Trident Carriers
SHP01435,Delhi,Jaipur,Short,FMCG Cartons,11.8,274.5,9973,2025-02-22,Shivam Freight Co
SHP01436,Delhi,Jaipur,Short,Textiles,9.9,278.5,8488,2025-02-19,Om Sai Transport
SHP01437,Delhi,Jaipur,Short,Textiles,10.3,285.4,9225,2025-02-23,Speedway Logistics
SHP01438,Chennai,Bangalore,Medium,Packaged Foods,21.8,351.4,21696,2025-02-22,Speedway Logistics
SHP01439,Chennai,Bangalore,Medium,Packaged Foods,17.3,347.6,17220,2025-02-19,Om Sai Transport
SHP01440,Chennai,Bangalore,Medium,Auto Parts,9.2,343.9,9075,2025-02-20,Shivam Freight Co
SHP01441,Chennai,Bangalore,Medium,Steel Coils,12.0,352.0,11886,2025-02-17,Bharat Roadways
SHP01442,Kolkata,Bhubaneswar,Medium,Textiles,12.1,433.4,13858,2025-02-18,Bharat Roadways
SHP01443,Kolkata,Bhubaneswar,Medium,Auto Parts,13.9,432.3,15752,2025-02-18,Speedway Logistics
SHP01444,Kolkata,Bhubaneswar,Medium,Packaged Foods,12.1,442.5,14402,2025-02-20,Trident Carriers
SHP01445,Kolkata,Bhubaneswar,Medium,Textiles,13.1,433.6,15334,2025-02-17,Om Sai Transport
SHP01446,Kolkata,Bhubaneswar,Medium,Packaged Foods,12.7,442.6,14491,2025-02-23,Trident Carriers
SHP01447,Ahmedabad,Mumbai,Medium,Packaged Foods,20.8,530.8,27846,2025-02-18,Speedway Logistics
SHP01448,Ahmedabad,Mumbai,Medium,Packaged Foods,14.0,532.3,18412,2025-02-20,Bharat Roadways
SHP01449,Ahmedabad,Mumbai,Medium,Packaged Foods,15.4,520.8,20575,2025-02-17,Speedway Logistics
SHP01450,Ahmedabad,Mumbai,Medium,Steel Coils,10.6,539.3,13997,2025-02-21,Speedway Logistics
SHP01451,Mumbai,Delhi,Long,Auto Parts,13.0,1412.6,36859,2025-02-18,Speedway Logistics
SHP01452,Mumbai,Delhi,Long,Steel Coils,12.9,1405.9,36089,2025-02-22,Trident Carriers
SHP01453,Mumbai,Delhi,Long,Auto Parts,15.3,1420.3,44209,2025-02-19,Om Sai Transport
SHP01454,Mumbai,Delhi,Long,Auto Parts,14.7,1381.4,40236,2025-02-22,Speedway Logistics
SHP01455,Mumbai,Delhi,Long,Auto Parts,19.3,1417.9,52644,2025-02-20,Bharat Roadways
SHP01456,Mumbai,Pune,Short,FMCG Cartons,18.4,147.9,9187,2025-02-27,Om Sai Transport
SHP01457,Mumbai,Pune,Short,Steel Coils,16.3,148.7,8294,2025-02-26,Om Sai Transport
SHP01458,Mumbai,Pune,Short,Textiles,20.9,148.2,10296,2025-03-02,Trident Carriers
SHP01459,Mumbai,Pune,Short,FMCG Cartons,21.0,149.9,11069,2025-03-01,Om Sai Transport
SHP01460,Delhi,Jaipur,Short,Auto Parts,9.9,285.5,8827,2025-02-24,Shivam Freight Co
SHP01461,Delhi,Jaipur,Short,Packaged Foods,18.9,276.2,16371,2025-03-02,Trident Carriers
SHP01462,Delhi,Jaipur,Short,Cement,15.4,280.1,13315,2025-03-01,Om Sai Transport
SHP01463,Delhi,Jaipur,Short,FMCG Cartons,18.6,284.8,15919,2025-02-24,Bharat Roadways
SHP01464,Chennai,Bangalore,Medium,FMCG Cartons,16.9,345.1,21295,2025-02-25,Speedway Logistics
SHP01465,Chennai,Bangalore,Medium,Cement,21.4,351.4,27293,2025-02-24,Bharat Roadways
SHP01466,Chennai,Bangalore,Medium,Cement,20.9,352.0,26004,2025-02-28,Shivam Freight Co
SHP01467,Chennai,Bangalore,Medium,FMCG Cartons,20.4,355.7,25290,2025-02-27,Trident Carriers
SHP01468,Chennai,Bangalore,Medium,FMCG Cartons,15.9,350.0,20251,2025-02-28,Om Sai Transport
SHP01469,Kolkata,Bhubaneswar,Medium,Steel Coils,16.4,433.1,19353,2025-03-02,Trident Carriers
SHP01470,Kolkata,Bhubaneswar,Medium,Cement,21.1,444.4,24947,2025-02-26,Speedway Logistics
SHP01471,Kolkata,Bhubaneswar,Medium,Auto Parts,9.0,445.6,10458,2025-03-01,Shivam Freight Co
SHP01472,Kolkata,Bhubaneswar,Medium,FMCG Cartons,12.7,438.5,14845,2025-02-25,Speedway Logistics
SHP01473,Kolkata,Bhubaneswar,Medium,Auto Parts,11.6,443.6,13512,2025-02-24,Shivam Freight Co
SHP01474,Ahmedabad,Mumbai,Medium,Auto Parts,11.4,520.7,14986,2025-02-26,Om Sai Transport
SHP01475,Ahmedabad,Mumbai,Medium,Cement,17.1,532.7,23145,2025-02-25,Trident Carriers
SHP01476,Ahmedabad,Mumbai,Medium,Textiles,10.6,521.2,13375,2025-02-24,Speedway Logistics
SHP01477,Mumbai,Delhi,Long,Packaged Foods,9.1,1414.6,25988,2025-02-24,Shivam Freight Co
SHP01478,Mumbai,Delhi,Long,Cement,9.5,1416.2,27070,2025-03-02,Om Sai Transport
SHP01479,Mumbai,Delhi,Long,Auto Parts,21.8,1405.8,63735,2025-02-27,Trident Carriers
SHP01480,Mumbai,Delhi,Long,FMCG Cartons,13.4,1405.8,38992,2025-02-26,Speedway Logistics
SHP01481,Mumbai,Pune,Short,Cement,9.7,149.3,4946,2025-03-05,Bharat Roadways
SHP01482,Mumbai,Pune,Short,Cement,18.1,149.7,9460,2025-03-04,Shivam Freight Co
SHP01483,Mumbai,Pune,Short,Steel Coils,15.9,147.7,8309,2025-03-09,Trident Carriers
SHP01484,Mumbai,Pune,Short,Auto Parts,17.9,149.7,9436,2025-03-07,Speedway Logistics
SHP01485,Delhi,Jaipur,Short,Cement,19.6,285.1,17474,2025-03-05,Trident Carriers
SHP01486,Delhi,Jaipur,Short,Textiles,12.0,282.0,10888,2025-03-08,Bharat Roadways
SHP01487,Delhi,Jaipur,Short,Packaged Foods,21.2,278.3,19505,2025-03-06,Bharat Roadways
SHP01488,Chennai,Bangalore,Medium,Packaged Foods,18.3,351.5,22866,2025-03-07,Shivam Freight Co
SHP01489,Chennai,Bangalore,Medium,Packaged Foods,15.5,343.4,18052,2025-03-09,Shivam Freight Co
SHP01490,Chennai,Bangalore,Medium,Auto Parts,15.1,356.8,19182,2025-03-03,Shivam Freight Co
SHP01491,Chennai,Bangalore,Medium,Packaged Foods,11.8,346.4,14431,2025-03-08,Bharat Roadways
SHP01492,Chennai,Bangalore,Medium,Auto Parts,21.9,344.5,25496,2025-03-05,Trident Carriers
SHP01493,Kolkata,Bhubaneswar,Medium,Steel Coils,21.4,442.9,25332,2025-03-08,Shivam Freight Co
SHP01494,Kolkata,Bhubaneswar,Medium,Steel Coils,15.4,442.4,18344,2025-03-05,Shivam Freight Co
SHP01495,Kolkata,Bhubaneswar,Medium,Packaged Foods,16.8,444.7,19936,2025-03-06,Om Sai Transport
SHP01496,Ahmedabad,Mumbai,Medium,FMCG Cartons,20.1,531.3,28051,2025-03-04,Bharat Roadways
SHP01497,Ahmedabad,Mumbai,Medium,Steel Coils,10.4,525.6,13962,2025-03-07,Bharat Roadways
SHP01498,Ahmedabad,Mumbai,Medium,Textiles,10.7,531.5,14503,2025-03-06,Bharat Roadways
SHP01499,Ahmedabad,Mumbai,Medium,Auto Parts,16.7,526.0,22233,2025-03-06,Trident Carriers
SHP01500,Ahmedabad,Mumbai,Medium,Textiles,19.4,535.8,27505,2025-03-04,Shivam Freight Co
SHP01501,Mumbai,Delhi,Long,FMCG Cartons,16.0,1394.1,44604,2025-03-04,Speedway Logistics
SHP01502,Mumbai,Delhi,Long,Packaged Foods,14.9,1400.0,42067,2025-03-04,Bharat Roadways
SHP01503,Mumbai,Delhi,Long,FMCG Cartons,13.0,1405.5,37701,2025-03-03,Shivam Freight Co
SHP01504,Mumbai,Delhi,Long,Auto Parts,19.8,1398.8,55499,2025-03-08,Bharat Roadways
SHP01505,Mumbai,Delhi,Long,Packaged Foods,13.3,1426.9,38788,2025-03-04,Speedway Logistics
SHP01506,Mumbai,Pune,Short,Auto Parts,19.1,152.5,10306,2025-03-15,Trident Carriers
SHP01507,Mumbai,Pune,Short,Textiles,17.6,152.9,9517,2025-03-10,Om Sai Transport
SHP01508,Mumbai,Pune,Short,Auto Parts,17.8,149.0,9458,2025-03-16,Om Sai Transport
SHP01509,Mumbai,Pune,Short,Packaged Foods,18.4,147.4,9273,2025-03-11,Shivam Freight Co
SHP01510,Mumbai,Pune,Short,Cement,10.7,149.4,5621,2025-03-14,Trident Carriers
SHP01511,Delhi,Jaipur,Short,Steel Coils,14.7,280.9,12945,2025-03-11,Speedway Logistics
SHP01512,Delhi,Jaipur,Short,Packaged Foods,11.5,283.4,10321,2025-03-12,Shivam Freight Co
SHP01513,Delhi,Jaipur,Short,Auto Parts,19.2,275.5,16958,2025-03-13,Speedway Logistics
SHP01514,Delhi,Jaipur,Short,Cement,10.2,284.8,9376,2025-03-11,Bharat Roadways
SHP01515,Chennai,Bangalore,Medium,Steel Coils,21.6,351.3,27159,2025-03-13,Bharat Roadways
SHP01516,Chennai,Bangalore,Medium,Steel Coils,14.2,344.7,17181,2025-03-14,Om Sai Transport
SHP01517,Chennai,Bangalore,Medium,Auto Parts,21.9,353.9,27813,2025-03-10,Om Sai Transport
SHP01518,Chennai,Bangalore,Medium,Cement,17.5,346.9,21393,2025-03-10,Bharat Roadways
SHP01519,Chennai,Bangalore,Medium,Cement,17.3,344.7,21702,2025-03-11,Shivam Freight Co
SHP01520,Kolkata,Bhubaneswar,Medium,Steel Coils,18.0,439.6,20855,2025-03-14,Om Sai Transport
SHP01521,Kolkata,Bhubaneswar,Medium,Steel Coils,17.4,439.7,20585,2025-03-14,Bharat Roadways
SHP01522,Kolkata,Bhubaneswar,Medium,Steel Coils,18.3,436.9,22068,2025-03-14,Om Sai Transport
SHP01523,Kolkata,Bhubaneswar,Medium,Textiles,9.3,445.5,11230,2025-03-14,Om Sai Transport
SHP01524,Kolkata,Bhubaneswar,Medium,Packaged Foods,19.9,432.3,23294,2025-03-16,Bharat Roadways
SHP01525,Ahmedabad,Mumbai,Medium,Cement,11.3,538.4,16188,2025-03-11,Shivam Freight Co
SHP01526,Ahmedabad,Mumbai,Medium,Steel Coils,13.1,528.9,17819,2025-03-14,Speedway Logistics
SHP01527,Ahmedabad,Mumbai,Medium,Cement,12.3,521.3,17217,2025-03-10,Shivam Freight Co
SHP01528,Mumbai,Delhi,Long,Steel Coils,14.5,1402.5,42336,2025-03-10,Trident Carriers
SHP01529,Mumbai,Delhi,Long,Packaged Foods,21.3,1374.6,60808,2025-03-12,Shivam Freight Co
SHP01530,Mumbai,Delhi,Long,FMCG Cartons,16.5,1396.9,47281,2025-03-14,Shivam Freight Co
SHP01531,Mumbai,Delhi,Long,Cement,11.7,1402.1,32462,2025-03-16,Speedway Logistics
SHP01532,Mumbai,Pune,Short,Textiles,19.8,148.8,10035,2025-03-21,Speedway Logistics
SHP01533,Mumbai,Pune,Short,Cement,12.6,150.6,6377,2025-03-20,Shivam Freight Co
SHP01534,Mumbai,Pune,Short,Auto Parts,14.0,148.5,7059,2025-03-20,Bharat Roadways
SHP01535,Delhi,Jaipur,Short,Packaged Foods,10.9,284.9,9589,2025-03-22,Trident Carriers
SHP01536,Delhi,Jaipur,Short,Textiles,18.1,285.5,15946,2025-03-19,Shivam Freight Co
SHP01537,Delhi,Jaipur,Short,Auto Parts,14.5,281.2,12552,2025-03-23,Om Sai Transport
SHP01538,Delhi,Jaipur,Short,Textiles,16.8,274.7,14141,2025-03-17,Bharat Roadways
SHP01539,Chennai,Bangalore,Medium,FMCG Cartons,17.3,343.9,20791,2025-03-19,Speedway Logistics
SHP01540,Chennai,Bangalore,Medium,Steel Coils,11.9,355.2,14456,2025-03-20,Om Sai Transport
SHP01541,Chennai,Bangalore,Medium,Packaged Foods,19.2,356.3,23560,2025-03-21,Trident Carriers
SHP01542,Chennai,Bangalore,Medium,Packaged Foods,19.5,351.2,23545,2025-03-19,Shivam Freight Co
SHP01543,Chennai,Bangalore,Medium,Steel Coils,16.2,355.1,20401,2025-03-17,Trident Carriers
SHP01544,Kolkata,Bhubaneswar,Medium,Textiles,17.8,445.4,20435,2025-03-21,Om Sai Transport
SHP01545,Kolkata,Bhubaneswar,Medium,Packaged Foods,10.7,439.6,11567,2025-03-21,Speedway Logistics
SHP01546,Kolkata,Bhubaneswar,Medium,Cement,10.9,442.8,12278,2025-03-19,Trident Carriers
SHP01547,Kolkata,Bhubaneswar,Medium,Auto Parts,12.2,443.7,13804,2025-03-22,Speedway Logistics
SHP01548,Ahmedabad,Mumbai,Medium,Textiles,15.5,536.3,21726,2025-03-20,Speedway Logistics
SHP01549,Ahmedabad,Mumbai,Medium,FMCG Cartons,20.2,525.9,28898,2025-03-20,Bharat Roadways
SHP01550,Ahmedabad,Mumbai,Medium,Steel Coils,10.0,532.9,13897,2025-03-17,Shivam Freight Co
SHP01551,Ahmedabad,Mumbai,Medium,Cement,18.7,520.6,25874,2025-03-20,Om Sai Transport
SHP01552,Mumbai,Delhi,Long,Textiles,15.2,1412.9,44096,2025-03-22,Bharat Roadways
SHP01553,Mumbai,Delhi,Long,Cement,17.0,1394.7,49838,2025-03-22,Om Sai Transport
SHP01554,Mumbai,Delhi,Long,Packaged Foods,18.7,1411.3,53309,2025-03-22,Shivam Freight Co
SHP01555,Mumbai,Delhi,Long,Packaged Foods,9.6,1410.3,27688,2025-03-18,Shivam Freight Co
SHP01556,Mumbai,Delhi,Long,Textiles,11.3,1422.6,32714,2025-03-18,Trident Carriers
SHP01557,Mumbai,Pune,Short,Steel Coils,13.9,149.3,6850,2025-03-29,Shivam Freight Co
SHP01558,Mumbai,Pune,Short,FMCG Cartons,20.2,152.1,10251,2025-03-27,Trident Carriers
SHP01559,Mumbai,Pune,Short,FMCG Cartons,18.6,148.3,9359,2025-03-25,Shivam Freight Co
SHP01560,Delhi,Jaipur,Short,Textiles,20.0,284.4,17763,2025-03-24,Om Sai Transport
SHP01561,Delhi,Jaipur,Short,Steel Coils,13.6,278.1,11773,2025-03-29,Om Sai Transport
SHP01562,Delhi,Jaipur,Short,Textiles,10.3,278.4,9195,2025-03-24,Shivam Freight Co
SHP01563,Chennai,Bangalore,Medium,Steel Coils,9.1,355.8,8820,2025-03-26,Om Sai Transport
SHP01564,Chennai,Bangalore,Medium,Textiles,12.9,348.5,12000,2025-03-25,Trident Carriers
SHP01565,Chennai,Bangalore,Medium,Steel Coils,14.7,344.5,13852,2025-03-25,Trident Carriers
SHP01566,Kolkata,Bhubaneswar,Medium,FMCG Cartons,20.3,437.5,22554,2025-03-25,Bharat Roadways
SHP01567,Kolkata,Bhubaneswar,Medium,Steel Coils,14.5,433.6,16096,2025-03-24,Speedway Logistics
SHP01568,Kolkata,Bhubaneswar,Medium,Auto Parts,21.5,447.9,25627,2025-03-24,Om Sai Transport
SHP01569,Kolkata,Bhubaneswar,Medium,Auto Parts,19.4,440.9,22406,2025-03-26,Shivam Freight Co
SHP01570,Kolkata,Bhubaneswar,Medium,Cement,18.6,444.0,21776,2025-03-25,Bharat Roadways
SHP01571,Ahmedabad,Mumbai,Medium,Packaged Foods,9.2,526.7,12119,2025-03-24,Trident Carriers
SHP01572,Ahmedabad,Mumbai,Medium,FMCG Cartons,16.8,528.5,21315,2025-03-27,Trident Carriers
SHP01573,Ahmedabad,Mumbai,Medium,Packaged Foods,18.9,529.7,24390,2025-03-25,Shivam Freight Co
SHP01574,Mumbai,Delhi,Long,Packaged Foods,20.2,1414.9,59119,2025-03-25,Om Sai Transport
SHP01575,Mumbai,Delhi,Long,Packaged Foods,18.2,1383.1,51510,2025-03-29,Shivam Freight Co
SHP01576,Mumbai,Delhi,Long,Packaged Foods,11.5,1406.2,33178,2025-03-29,Speedway Logistics
SHP01577,Mumbai,Pune,Short,Auto Parts,12.6,149.4,6091,2025-04-01,Bharat Roadways
SHP01578,Mumbai,Pune,Short,Textiles,10.2,150.7,4931,2025-04-03,Trident Carriers
SHP01579,Mumbai,Pune,Short,Auto Parts,21.7,151.2,10636,2025-04-03,Bharat Roadways
SHP01580,Delhi,Jaipur,Short,Packaged Foods,10.4,275.0,8742,2025-04-02,Om Sai Transport
SHP01581,Delhi,Jaipur,Short,Cement,20.6,277.2,17263,2025-03-31,Trident Carriers
SHP01582,Delhi,Jaipur,Short,Auto Parts,15.1,276.8,13197,2025-03-31,Speedway Logistics
SHP01583,Delhi,Jaipur,Short,Cement,15.4,277.2,13026,2025-03-31,Bharat Roadways
SHP01584,Delhi,Jaipur,Short,Packaged Foods,19.0,282.0,16147,2025-04-02,Trident Carriers
SHP01585,Chennai,Bangalore,Medium,Textiles,13.8,350.4,13467,2025-04-01,Om Sai Transport
SHP01586,Chennai,Bangalore,Medium,Cement,10.4,344.2,9958,2025-04-04,Bharat Roadways
SHP01587,Chennai,Bangalore,Medium,Steel Coils,20.9,351.2,20448,2025-04-01,Om Sai Transport
SHP01588,Chennai,Bangalore,Medium,FMCG Cartons,10.0,356.0,9854,2025-04-02,Om Sai Transport
SHP01589,Chennai,Bangalore,Medium,Steel Coils,11.6,356.9,11579,2025-03-31,Speedway Logistics
SHP01590,Kolkata,Bhubaneswar,Medium,FMCG Cartons,20.4,435.6,23689,2025-04-04,Trident Carriers
SHP01591,Kolkata,Bhubaneswar,Medium,Auto Parts,18.3,439.1,21494,2025-03-31,Om Sai Transport
SHP01592,Kolkata,Bhubaneswar,Medium,Textiles,21.4,440.4,25032,2025-04-01,Trident Carriers
SHP01593,Kolkata,Bhubaneswar,Medium,Cement,10.7,443.5,12050,2025-04-04,Speedway Logistics
SHP01594,Ahmedabad,Mumbai,Medium,Steel Coils,15.9,529.9,22043,2025-03-31,Om Sai Transport
SHP01595,Ahmedabad,Mumbai,Medium,Textiles,14.0,535.3,19919,2025-04-03,Trident Carriers
SHP01596,Ahmedabad,Mumbai,Medium,Packaged Foods,9.0,523.8,12377,2025-04-04,Bharat Roadways
SHP01597,Ahmedabad,Mumbai,Medium,Packaged Foods,19.3,538.0,27071,2025-04-05,Shivam Freight Co
SHP01598,Ahmedabad,Mumbai,Medium,Textiles,20.1,524.9,27244,2025-04-02,Bharat Roadways
SHP01599,Mumbai,Delhi,Long,Steel Coils,12.8,1401.9,36275,2025-04-02,Trident Carriers
SHP01600,Mumbai,Delhi,Long,Steel Coils,9.7,1420.9,28426,2025-04-06,Shivam Freight Co
SHP01601,Mumbai,Delhi,Long,FMCG Cartons,17.4,1378.5,48468,2025-04-02,Bharat Roadways
SHP01602,Mumbai,Pune,Short,FMCG Cartons,10.7,148.6,5705,2025-04-09,Bharat Roadways
SHP01603,Mumbai,Pune,Short,FMCG Cartons,9.1,150.8,4767,2025-04-12,Speedway Logistics
SHP01604,Mumbai,Pune,Short,Textiles,9.2,148.5,4833,2025-04-13,Bharat Roadways
SHP01605,Mumbai,Pune,Short,Packaged Foods,17.9,151.3,9745,2025-04-09,Shivam Freight Co
SHP01606,Mumbai,Pune,Short,Steel Coils,19.6,150.3,10151,2025-04-09,Shivam Freight Co
SHP01607,Delhi,Jaipur,Short,Auto Parts,11.0,282.8,9722,2025-04-12,Trident Carriers
SHP01608,Delhi,Jaipur,Short,Steel Coils,15.2,276.1,13327,2025-04-10,Speedway Logistics
SHP01609,Delhi,Jaipur,Short,FMCG Cartons,15.4,276.5,13711,2025-04-12,Bharat Roadways
SHP01610,Delhi,Jaipur,Short,Textiles,20.5,277.9,18440,2025-04-12,Speedway Logistics
SHP01611,Delhi,Jaipur,Short,Auto Parts,9.9,275.2,8522,2025-04-12,Bharat Roadways
SHP01612,Chennai,Bangalore,Medium,Auto Parts,19.5,353.2,18751,2025-04-10,Bharat Roadways
SHP01613,Chennai,Bangalore,Medium,Steel Coils,9.2,344.5,8746,2025-04-07,Speedway Logistics
SHP01614,Chennai,Bangalore,Medium,Cement,12.5,353.8,12281,2025-04-11,Bharat Roadways
SHP01615,Chennai,Bangalore,Medium,Packaged Foods,10.4,356.4,10171,2025-04-09,Bharat Roadways
SHP01616,Chennai,Bangalore,Medium,Steel Coils,15.2,345.8,14276,2025-04-10,Trident Carriers
SHP01617,Kolkata,Bhubaneswar,Medium,Cement,16.1,435.5,17945,2025-04-11,Bharat Roadways
SHP01618,Kolkata,Bhubaneswar,Medium,Auto Parts,10.3,445.7,11770,2025-04-11,Speedway Logistics
SHP01619,Kolkata,Bhubaneswar,Medium,Steel Coils,11.9,431.2,13100,2025-04-10,Trident Carriers
SHP01620,Kolkata,Bhubaneswar,Medium,Packaged Foods,11.9,442.7,13985,2025-04-10,Bharat Roadways
SHP01621,Ahmedabad,Mumbai,Medium,Cement,10.3,521.7,13705,2025-04-09,Shivam Freight Co
SHP01622,Ahmedabad,Mumbai,Medium,Cement,13.7,526.5,18363,2025-04-07,Shivam Freight Co
SHP01623,Ahmedabad,Mumbai,Medium,Packaged Foods,14.6,522.6,18754,2025-04-08,Om Sai Transport
SHP01624,Ahmedabad,Mumbai,Medium,FMCG Cartons,17.7,522.6,22691,2025-04-13,Trident Carriers
SHP01625,Mumbai,Delhi,Long,Cement,13.8,1400.0,38333,2025-04-12,Bharat Roadways
SHP01626,Mumbai,Delhi,Long,FMCG Cartons,21.7,1420.3,63059,2025-04-08,Speedway Logistics
SHP01627,Mumbai,Delhi,Long,Cement,18.4,1393.9,52499,2025-04-10,Bharat Roadways
SHP01628,Mumbai,Pune,Short,Steel Coils,10.9,151.4,5519,2025-04-15,Om Sai Transport
SHP01629,Mumbai,Pune,Short,Textiles,15.4,149.1,7753,2025-04-17,Trident Carriers
SHP01630,Mumbai,Pune,Short,Auto Parts,21.3,147.8,10911,2025-04-17,Shivam Freight Co
SHP01631,Mumbai,Pune,Short,Steel Coils,15.9,150.0,8078,2025-04-20,Om Sai Transport
SHP01632,Mumbai,Pune,Short,Packaged Foods,18.3,147.5,9139,2025-04-20,Speedway Logistics
SHP01633,Delhi,Jaipur,Short,Textiles,11.6,278.5,9888,2025-04-16,Om Sai Transport
SHP01634,Delhi,Jaipur,Short,FMCG Cartons,21.0,285.1,17473,2025-04-16,Speedway Logistics
SHP01635,Delhi,Jaipur,Short,Steel Coils,10.9,277.7,9266,2025-04-17,Speedway Logistics
SHP01636,Delhi,Jaipur,Short,Packaged Foods,9.7,283.7,8070,2025-04-19,Speedway Logistics
SHP01637,Delhi,Jaipur,Short,Cement,9.3,278.6,7983,2025-04-16,Bharat Roadways
SHP01638,Chennai,Bangalore,Medium,FMCG Cartons,16.7,349.7,15545,2025-04-15,Speedway Logistics
SHP01639,Chennai,Bangalore,Medium,Auto Parts,10.0,344.1,9390,2025-04-20,Speedway Logistics
SHP01640,Chennai,Bangalore,Medium,Packaged Foods,15.1,353.7,14201,2025-04-18,Trident Carriers
SHP01641,Chennai,Bangalore,Medium,Packaged Foods,18.4,349.6,17423,2025-04-19,Bharat Roadways
SHP01642,Chennai,Bangalore,Medium,Textiles,11.0,347.0,10610,2025-04-14,Speedway Logistics
SHP01643,Kolkata,Bhubaneswar,Medium,Textiles,14.5,438.2,16503,2025-04-17,Trident Carriers
SHP01644,Kolkata,Bhubaneswar,Medium,Steel Coils,15.5,447.4,17761,2025-04-17,Trident Carriers
SHP01645,Kolkata,Bhubaneswar,Medium,Packaged Foods,15.8,448.3,18430,2025-04-15,Speedway Logistics
SHP01646,Kolkata,Bhubaneswar,Medium,Packaged Foods,9.7,438.2,10682,2025-04-20,Shivam Freight Co
SHP01647,Kolkata,Bhubaneswar,Medium,FMCG Cartons,10.0,441.8,11304,2025-04-17,Om Sai Transport
SHP01648,Ahmedabad,Mumbai,Medium,Cement,17.4,536.4,22738,2025-04-14,Bharat Roadways
SHP01649,Ahmedabad,Mumbai,Medium,FMCG Cartons,19.1,527.1,24737,2025-04-15,Speedway Logistics
SHP01650,Ahmedabad,Mumbai,Medium,FMCG Cartons,9.8,530.9,12987,2025-04-20,Speedway Logistics
SHP01651,Ahmedabad,Mumbai,Medium,Cement,17.3,531.1,22161,2025-04-16,Shivam Freight Co
SHP01652,Mumbai,Delhi,Long,FMCG Cartons,15.3,1427.2,41965,2025-04-14,Bharat Roadways
SHP01653,Mumbai,Delhi,Long,Steel Coils,18.8,1426.9,54449,2025-04-18,Trident Carriers
SHP01654,Mumbai,Delhi,Long,Packaged Foods,18.4,1414.1,52859,2025-04-19,Bharat Roadways
SHP01655,Mumbai,Delhi,Long,Steel Coils,20.7,1390.6,56874,2025-04-18,Bharat Roadways
SHP01656,Mumbai,Delhi,Long,Cement,14.0,1404.9,39054,2025-04-20,Trident Carriers
SHP01657,Mumbai,Pune,Short,Steel Coils,20.5,149.8,9902,2025-04-26,Speedway Logistics
SHP01658,Mumbai,Pune,Short,Textiles,17.5,151.8,8922,2025-04-22,Shivam Freight Co
SHP01659,Mumbai,Pune,Short,FMCG Cartons,16.9,153.0,8558,2025-04-27,Om Sai Transport
SHP01660,Delhi,Jaipur,Short,Packaged Foods,20.1,278.4,17053,2025-04-26,Om Sai Transport
SHP01661,Delhi,Jaipur,Short,Textiles,22.0,277.1,18774,2025-04-22,Om Sai Transport
SHP01662,Delhi,Jaipur,Short,Textiles,9.2,275.5,7880,2025-04-23,Bharat Roadways
SHP01663,Chennai,Bangalore,Medium,Textiles,21.1,347.4,18760,2025-04-23,Trident Carriers
SHP01664,Chennai,Bangalore,Medium,FMCG Cartons,9.9,347.9,9111,2025-04-24,Om Sai Transport
SHP01665,Chennai,Bangalore,Medium,Cement,18.9,356.7,17550,2025-04-22,Shivam Freight Co
SHP01666,Chennai,Bangalore,Medium,Textiles,13.7,349.8,12359,2025-04-24,Speedway Logistics
SHP01667,Kolkata,Bhubaneswar,Medium,Auto Parts,21.4,446.1,24370,2025-04-26,Shivam Freight Co
SHP01668,Kolkata,Bhubaneswar,Medium,Textiles,20.4,439.1,23721,2025-04-21,Bharat Roadways
SHP01669,Kolkata,Bhubaneswar,Medium,Steel Coils,12.2,444.2,14208,2025-04-21,Bharat Roadways
SHP01670,Kolkata,Bhubaneswar,Medium,Steel Coils,11.1,436.3,12382,2025-04-21,Om Sai Transport
SHP01671,Ahmedabad,Mumbai,Medium,Auto Parts,15.1,526.8,20602,2025-04-27,Bharat Roadways
SHP01672,Ahmedabad,Mumbai,Medium,Auto Parts,18.5,521.2,25545,2025-04-24,Speedway Logistics
SHP01673,Ahmedabad,Mumbai,Medium,Auto Parts,9.8,527.9,13244,2025-04-25,Speedway Logistics
SHP01674,Ahmedabad,Mumbai,Medium,Textiles,15.2,534.3,20711,2025-04-21,Speedway Logistics
SHP01675,Mumbai,Delhi,Long,Auto Parts,16.4,1384.0,46534,2025-04-27,Bharat Roadways
SHP01676,Mumbai,Delhi,Long,Steel Coils,13.7,1424.4,38707,2025-04-24,Bharat Roadways
SHP01677,Mumbai,Delhi,Long,FMCG Cartons,9.3,1383.8,26032,2025-04-24,Trident Carriers
SHP01678,Mumbai,Delhi,Long,Cement,10.1,1407.6,27586,2025-04-24,Trident Carriers
SHP01679,Mumbai,Pune,Short,Cement,11.8,149.5,6116,2025-04-29,Bharat Roadways
SHP01680,Mumbai,Pune,Short,Steel Coils,14.6,152.4,7745,2025-04-30,Speedway Logistics
SHP01681,Mumbai,Pune,Short,Steel Coils,14.4,149.1,7261,2025-05-03,Om Sai Transport
SHP01682,Mumbai,Pune,Short,Textiles,18.0,149.1,9029,2025-04-28,Shivam Freight Co
SHP01683,Mumbai,Pune,Short,FMCG Cartons,18.4,148.2,9279,2025-04-29,Trident Carriers
SHP01684,Delhi,Jaipur,Short,Packaged Foods,10.9,279.5,9381,2025-04-28,Om Sai Transport
SHP01685,Delhi,Jaipur,Short,Steel Coils,18.4,277.3,15825,2025-05-04,Om Sai Transport
SHP01686,Delhi,Jaipur,Short,Steel Coils,16.5,281.6,13612,2025-05-03,Om Sai Transport
SHP01687,Chennai,Bangalore,Medium,Packaged Foods,13.9,345.3,12888,2025-04-29,Shivam Freight Co
SHP01688,Chennai,Bangalore,Medium,FMCG Cartons,13.8,356.4,13219,2025-04-30,Shivam Freight Co
SHP01689,Chennai,Bangalore,Medium,Auto Parts,10.6,354.5,10183,2025-05-01,Om Sai Transport
SHP01690,Chennai,Bangalore,Medium,FMCG Cartons,19.8,347.9,18584,2025-05-04,Bharat Roadways
SHP01691,Chennai,Bangalore,Medium,Textiles,15.0,356.0,14361,2025-05-02,Speedway Logistics
SHP01692,Kolkata,Bhubaneswar,Medium,FMCG Cartons,17.6,436.2,20073,2025-05-03,Shivam Freight Co
SHP01693,Kolkata,Bhubaneswar,Medium,Cement,20.8,447.7,23508,2025-04-28,Bharat Roadways
SHP01694,Kolkata,Bhubaneswar,Medium,Packaged Foods,17.0,442.6,19359,2025-05-01,Shivam Freight Co
SHP01695,Kolkata,Bhubaneswar,Medium,Cement,10.3,447.5,11883,2025-05-02,Trident Carriers
SHP01696,Kolkata,Bhubaneswar,Medium,Auto Parts,11.8,446.2,13845,2025-05-02,Bharat Roadways
SHP01697,Ahmedabad,Mumbai,Medium,Auto Parts,13.6,539.6,19586,2025-05-01,Om Sai Transport
SHP01698,Ahmedabad,Mumbai,Medium,FMCG Cartons,13.9,519.6,18628,2025-04-30,Trident Carriers
SHP01699,Ahmedabad,Mumbai,Medium,Steel Coils,20.7,525.9,29252,2025-05-03,Bharat Roadways
SHP01700,Mumbai,Delhi,Long,Packaged Foods,19.3,1373.5,53380,2025-05-02,Shivam Freight Co
SHP01701,Mumbai,Delhi,Long,Steel Coils,11.2,1389.8,30850,2025-05-01,Shivam Freight Co
SHP01702,Mumbai,Delhi,Long,Cement,11.5,1426.5,32653,2025-05-04,Shivam Freight Co
SHP01703,Mumbai,Delhi,Long,Steel Coils,21.2,1396.0,58018,2025-05-03,Om Sai Transport
SHP01704,Mumbai,Pune,Short,Cement,10.3,149.6,5661,2025-05-09,Shivam Freight Co
SHP01705,Mumbai,Pune,Short,Textiles,20.0,151.7,11033,2025-05-07,Speedway Logistics
SHP01706,Mumbai,Pune,Short,Cement,11.6,152.7,6237,2025-05-08,Shivam Freight Co
SHP01707,Mumbai,Pune,Short,Textiles,17.0,147.9,9098,2025-05-05,Om Sai Transport
SHP01708,Delhi,Jaipur,Short,Steel Coils,14.9,275.9,13879,2025-05-07,Speedway Logistics
SHP01709,Delhi,Jaipur,Short,Steel Coils,11.9,281.7,11023,2025-05-11,Om Sai Transport
SHP01710,Delhi,Jaipur,Short,Packaged Foods,17.6,283.0,16459,2025-05-06,Bharat Roadways
SHP01711,Chennai,Bangalore,Medium,Cement,10.4,355.1,11261,2025-05-05,Speedway Logistics
SHP01712,Chennai,Bangalore,Medium,FMCG Cartons,20.6,347.0,20732,2025-05-08,Speedway Logistics
SHP01713,Chennai,Bangalore,Medium,Auto Parts,15.4,348.5,15498,2025-05-05,Bharat Roadways
SHP01714,Chennai,Bangalore,Medium,Auto Parts,14.5,345.9,15260,2025-05-10,Speedway Logistics
SHP01715,Chennai,Bangalore,Medium,Packaged Foods,9.1,345.5,9167,2025-05-09,Shivam Freight Co
SHP01716,Kolkata,Bhubaneswar,Medium,Textiles,13.5,437.2,16237,2025-05-09,Bharat Roadways
SHP01717,Kolkata,Bhubaneswar,Medium,Textiles,18.6,434.0,22118,2025-05-06,Bharat Roadways
SHP01718,Kolkata,Bhubaneswar,Medium,FMCG Cartons,15.7,440.6,18770,2025-05-06,Bharat Roadways
SHP01719,Ahmedabad,Mumbai,Medium,FMCG Cartons,10.1,522.3,13880,2025-05-06,Trident Carriers
SHP01720,Ahmedabad,Mumbai,Medium,Packaged Foods,21.4,529.6,29213,2025-05-09,Trident Carriers
SHP01721,Ahmedabad,Mumbai,Medium,Steel Coils,19.5,529.3,26746,2025-05-08,Trident Carriers
SHP01722,Mumbai,Delhi,Long,Textiles,18.3,1419.4,56606,2025-05-05,Shivam Freight Co
SHP01723,Mumbai,Delhi,Long,Auto Parts,19.3,1389.4,58410,2025-05-08,Om Sai Transport
SHP01724,Mumbai,Delhi,Long,Cement,18.7,1395.7,56393,2025-05-09,Shivam Freight Co
SHP01725,Mumbai,Pune,Short,Auto Parts,13.9,150.4,7551,2025-05-12,Speedway Logistics
SHP01726,Mumbai,Pune,Short,FMCG Cartons,21.5,152.3,11561,2025-05-15,Shivam Freight Co
SHP01727,Mumbai,Pune,Short,Auto Parts,17.4,152.0,9742,2025-05-14,Bharat Roadways
SHP01728,Mumbai,Pune,Short,FMCG Cartons,19.5,147.7,10278,2025-05-13,Speedway Logistics
SHP01729,Delhi,Jaipur,Short,FMCG Cartons,10.9,278.6,9643,2025-05-12,Bharat Roadways
SHP01730,Delhi,Jaipur,Short,Steel Coils,11.8,282.4,10744,2025-05-14,Shivam Freight Co
SHP01731,Delhi,Jaipur,Short,Cement,12.7,275.1,11025,2025-05-13,Shivam Freight Co
SHP01732,Chennai,Bangalore,Medium,Packaged Foods,19.5,356.2,20431,2025-05-16,Om Sai Transport
SHP01733,Chennai,Bangalore,Medium,Steel Coils,14.7,352.5,15370,2025-05-13,Bharat Roadways
SHP01734,Chennai,Bangalore,Medium,Cement,15.5,354.2,16455,2025-05-15,Bharat Roadways
SHP01735,Chennai,Bangalore,Medium,Textiles,16.8,349.3,17179,2025-05-13,Bharat Roadways
SHP01736,Kolkata,Bhubaneswar,Medium,FMCG Cartons,16.5,445.0,18877,2025-05-15,Speedway Logistics
SHP01737,Kolkata,Bhubaneswar,Medium,Cement,14.2,446.0,17180,2025-05-16,Trident Carriers
SHP01738,Kolkata,Bhubaneswar,Medium,Auto Parts,9.9,442.5,11326,2025-05-18,Trident Carriers
SHP01739,Kolkata,Bhubaneswar,Medium,FMCG Cartons,18.8,436.0,21589,2025-05-16,Om Sai Transport
SHP01740,Ahmedabad,Mumbai,Medium,Cement,21.8,525.7,29843,2025-05-17,Trident Carriers
SHP01741,Ahmedabad,Mumbai,Medium,Cement,10.3,539.3,14231,2025-05-18,Speedway Logistics
SHP01742,Ahmedabad,Mumbai,Medium,Steel Coils,13.2,521.6,18138,2025-05-15,Speedway Logistics
SHP01743,Ahmedabad,Mumbai,Medium,Textiles,18.4,521.3,25456,2025-05-18,Bharat Roadways
SHP01744,Ahmedabad,Mumbai,Medium,Cement,20.3,539.2,28103,2025-05-18,Bharat Roadways
SHP01745,Mumbai,Delhi,Long,Auto Parts,13.3,1376.2,41475,2025-05-18,Trident Carriers
SHP01746,Mumbai,Delhi,Long,Steel Coils,21.0,1411.1,67030,2025-05-12,Trident Carriers
SHP01747,Mumbai,Delhi,Long,Packaged Foods,18.8,1420.3,61497,2025-05-15,Om Sai Transport
SHP01748,Mumbai,Pune,Short,FMCG Cartons,16.5,150.2,8746,2025-05-21,Om Sai Transport
SHP01749,Mumbai,Pune,Short,FMCG Cartons,12.4,148.4,6353,2025-05-19,Shivam Freight Co
SHP01750,Mumbai,Pune,Short,Steel Coils,12.2,152.0,6539,2025-05-25,Bharat Roadways
SHP01751,Mumbai,Pune,Short,Steel Coils,15.4,147.5,7802,2025-05-24,Om Sai Transport
SHP01752,Mumbai,Pune,Short,Textiles,11.4,151.9,5909,2025-05-20,Shivam Freight Co
SHP01753,Delhi,Jaipur,Short,Textiles,13.1,282.9,12493,2025-05-20,Bharat Roadways
SHP01754,Delhi,Jaipur,Short,Textiles,11.8,284.6,11259,2025-05-22,Shivam Freight Co
SHP01755,Delhi,Jaipur,Short,Steel Coils,14.2,276.7,12938,2025-05-22,Trident Carriers
SHP01756,Delhi,Jaipur,Short,Cement,16.5,285.1,15521,2025-05-22,Bharat Roadways
SHP01757,Delhi,Jaipur,Short,Auto Parts,20.6,277.1,18933,2025-05-19,Shivam Freight Co
SHP01758,Chennai,Bangalore,Medium,Steel Coils,16.2,344.7,15655,2025-05-20,Om Sai Transport
SHP01759,Chennai,Bangalore,Medium,FMCG Cartons,15.6,350.0,15027,2025-05-21,Bharat Roadways
SHP01760,Chennai,Bangalore,Medium,FMCG Cartons,14.0,343.7,13958,2025-05-20,Speedway Logistics
SHP01761,Chennai,Bangalore,Medium,Textiles,16.7,348.6,16493,2025-05-22,Om Sai Transport
SHP01762,Kolkata,Bhubaneswar,Medium,Cement,21.5,442.6,26158,2025-05-19,Shivam Freight Co
SHP01763,Kolkata,Bhubaneswar,Medium,Textiles,9.9,435.9,11777,2025-05-20,Om Sai Transport
SHP01764,Kolkata,Bhubaneswar,Medium,FMCG Cartons,10.3,438.1,12794,2025-05-24,Om Sai Transport
SHP01765,Ahmedabad,Mumbai,Medium,Packaged Foods,17.3,523.7,24139,2025-05-21,Bharat Roadways
SHP01766,Ahmedabad,Mumbai,Medium,Packaged Foods,15.5,521.4,21526,2025-05-22,Trident Carriers
SHP01767,Ahmedabad,Mumbai,Medium,Cement,17.9,537.5,24821,2025-05-24,Speedway Logistics
SHP01768,Mumbai,Delhi,Long,FMCG Cartons,21.5,1397.5,65055,2025-05-22,Bharat Roadways
SHP01769,Mumbai,Delhi,Long,Cement,12.4,1381.9,35803,2025-05-24,Shivam Freight Co
SHP01770,Mumbai,Delhi,Long,Steel Coils,15.2,1391.7,43992,2025-05-25,Om Sai Transport
SHP01771,Mumbai,Pune,Short,Textiles,17.8,147.1,8979,2025-05-27,Shivam Freight Co
SHP01772,Mumbai,Pune,Short,Packaged Foods,10.9,148.0,5466,2025-05-28,Trident Carriers
SHP01773,Mumbai,Pune,Short,Packaged Foods,18.6,149.7,9954,2025-05-28,Om Sai Transport
SHP01774,Delhi,Jaipur,Short,Packaged Foods,13.6,274.6,12292,2025-05-30,Shivam Freight Co
SHP01775,Delhi,Jaipur,Short,Cement,12.5,279.8,11381,2025-05-31,Speedway Logistics
SHP01776,Delhi,Jaipur,Short,FMCG Cartons,20.1,285.4,18824,2025-05-27,Om Sai Transport
SHP01777,Delhi,Jaipur,Short,FMCG Cartons,16.5,274.7,14905,2025-05-29,Speedway Logistics
SHP01778,Chennai,Bangalore,Medium,Packaged Foods,13.9,355.9,13371,2025-05-28,Shivam Freight Co
SHP01779,Chennai,Bangalore,Medium,Steel Coils,14.8,355.6,14968,2025-05-30,Trident Carriers
SHP01780,Chennai,Bangalore,Medium,Auto Parts,13.5,355.7,13157,2025-05-30,Trident Carriers
SHP01781,Chennai,Bangalore,Medium,Textiles,9.5,347.3,9143,2025-05-28,Bharat Roadways
SHP01782,Chennai,Bangalore,Medium,FMCG Cartons,14.9,349.1,14802,2025-06-01,Trident Carriers
SHP01783,Kolkata,Bhubaneswar,Medium,Textiles,17.9,440.0,22476,2025-05-27,Trident Carriers
SHP01784,Kolkata,Bhubaneswar,Medium,Cement,17.6,442.2,21993,2025-05-28,Trident Carriers
SHP01785,Kolkata,Bhubaneswar,Medium,Cement,9.5,431.5,11569,2025-05-30,Bharat Roadways
SHP01786,Ahmedabad,Mumbai,Medium,Steel Coils,17.6,528.5,24010,2025-05-28,Trident Carriers
SHP01787,Ahmedabad,Mumbai,Medium,Textiles,19.2,538.0,27490,2025-06-01,Speedway Logistics
SHP01788,Ahmedabad,Mumbai,Medium,Steel Coils,18.3,539.6,25713,2025-05-31,Om Sai Transport
SHP01789,Ahmedabad,Mumbai,Medium,FMCG Cartons,10.0,531.8,13913,2025-05-29,Speedway Logistics
SHP01790,Mumbai,Delhi,Long,FMCG Cartons,21.6,1395.7,64631,2025-05-28,Shivam Freight Co
SHP01791,Mumbai,Delhi,Long,Textiles,16.3,1389.4,50286,2025-05-28,Speedway Logistics
SHP01792,Mumbai,Delhi,Long,Steel Coils,11.6,1410.3,35153,2025-05-30,Trident Carriers
SHP01793,Mumbai,Delhi,Long,Textiles,12.9,1389.1,40375,2025-05-29,Speedway Logistics
SHP01794,Mumbai,Delhi,Long,Textiles,20.4,1393.1,62196,2025-05-27,Om Sai Transport
SHP01795,Mumbai,Pune,Short,Auto Parts,18.3,152.6,9895,2025-06-05,Om Sai Transport
SHP01796,Mumbai,Pune,Short,Auto Parts,15.0,152.8,8338,2025-06-02,Bharat Roadways
SHP01797,Mumbai,Pune,Short,Textiles,17.0,151.5,9035,2025-06-03,Shivam Freight Co
SHP01798,Mumbai,Pune,Short,Cement,17.1,149.2,9275,2025-06-04,Om Sai Transport
SHP01799,Mumbai,Pune,Short,Textiles,17.7,147.8,9267,2025-06-08,Om Sai Transport
SHP01800,Delhi,Jaipur,Short,Cement,21.8,277.4,18758,2025-06-06,Trident Carriers
SHP01801,Delhi,Jaipur,Short,Packaged Foods,18.0,280.7,16402,2025-06-02,Shivam Freight Co
SHP01802,Delhi,Jaipur,Short,Textiles,18.6,282.0,16216,2025-06-03,Speedway Logistics
SHP01803,Chennai,Bangalore,Medium,Steel Coils,11.9,349.9,12274,2025-06-08,Trident Carriers
SHP01804,Chennai,Bangalore,Medium,Auto Parts,18.3,351.8,19272,2025-06-08,Shivam Freight Co
SHP01805,Chennai,Bangalore,Medium,Cement,10.5,352.6,10476,2025-06-06,Shivam Freight Co
SHP01806,Chennai,Bangalore,Medium,Textiles,11.7,344.4,11736,2025-06-08,Om Sai Transport
SHP01807,Chennai,Bangalore,Medium,Steel Coils,21.0,348.5,21092,2025-06-05,Speedway Logistics
SHP01808,Kolkata,Bhubaneswar,Medium,Auto Parts,14.7,442.0,17730,2025-06-02,Speedway Logistics
SHP01809,Kolkata,Bhubaneswar,Medium,Steel Coils,11.4,442.4,13893,2025-06-07,Speedway Logistics
SHP01810,Kolkata,Bhubaneswar,Medium,FMCG Cartons,18.1,440.2,21150,2025-06-05,Trident Carriers
SHP01811,Kolkata,Bhubaneswar,Medium,FMCG Cartons,21.5,442.9,25729,2025-06-07,Om Sai Transport
SHP01812,Kolkata,Bhubaneswar,Medium,Auto Parts,19.4,438.0,22919,2025-06-08,Speedway Logistics
SHP01813,Ahmedabad,Mumbai,Medium,Packaged Foods,14.1,521.9,19641,2025-06-02,Shivam Freight Co
SHP01814,Ahmedabad,Mumbai,Medium,Auto Parts,20.8,528.8,28961,2025-06-03,Om Sai Transport
SHP01815,Ahmedabad,Mumbai,Medium,Textiles,21.8,525.3,30158,2025-06-08,Speedway Logistics
SHP01816,Mumbai,Delhi,Long,FMCG Cartons,15.7,1401.4,48386,2025-06-03,Shivam Freight Co
SHP01817,Mumbai,Delhi,Long,Packaged Foods,18.3,1391.0,58078,2025-06-04,Trident Carriers
SHP01818,Mumbai,Delhi,Long,Auto Parts,9.9,1423.7,32258,2025-06-05,Om Sai Transport
SHP01819,Mumbai,Delhi,Long,Packaged Foods,11.3,1405.9,36079,2025-06-06,Shivam Freight Co
SHP01820,Mumbai,Pune,Short,Auto Parts,21.4,148.9,11042,2025-06-13,Bharat Roadways
SHP01821,Mumbai,Pune,Short,Packaged Foods,20.1,147.3,10142,2025-06-09,Bharat Roadways
SHP01822,Mumbai,Pune,Short,Packaged Foods,17.8,150.0,9239,2025-06-10,Speedway Logistics
SHP01823,Mumbai,Pune,Short,Auto Parts,20.4,147.6,10674,2025-06-12,Bharat Roadways
SHP01824,Delhi,Jaipur,Short,FMCG Cartons,20.0,275.7,17813,2025-06-15,Shivam Freight Co
SHP01825,Delhi,Jaipur,Short,Packaged Foods,9.4,281.5,8601,2025-06-09,Om Sai Transport
SHP01826,Delhi,Jaipur,Short,Steel Coils,21.9,278.6,20318,2025-06-10,Trident Carriers
SHP01827,Chennai,Bangalore,Medium,Textiles,11.6,347.0,11230,2025-06-15,Speedway Logistics
SHP01828,Chennai,Bangalore,Medium,Steel Coils,9.3,344.2,9367,2025-06-09,Bharat Roadways
SHP01829,Chennai,Bangalore,Medium,Textiles,20.6,354.3,20609,2025-06-12,Shivam Freight Co
SHP01830,Chennai,Bangalore,Medium,Packaged Foods,13.4,355.1,13699,2025-06-14,Shivam Freight Co
SHP01831,Kolkata,Bhubaneswar,Medium,Textiles,19.8,434.9,23145,2025-06-11,Shivam Freight Co
SHP01832,Kolkata,Bhubaneswar,Medium,Auto Parts,19.4,446.2,23180,2025-06-14,Bharat Roadways
SHP01833,Kolkata,Bhubaneswar,Medium,Cement,10.7,441.2,12701,2025-06-09,Om Sai Transport
SHP01834,Kolkata,Bhubaneswar,Medium,FMCG Cartons,16.8,435.3,19456,2025-06-10,Trident Carriers
SHP01835,Ahmedabad,Mumbai,Medium,Textiles,20.3,520.8,29857,2025-06-09,Shivam Freight Co
SHP01836,Ahmedabad,Mumbai,Medium,Auto Parts,15.7,524.5,22771,2025-06-11,Shivam Freight Co
SHP01837,Ahmedabad,Mumbai,Medium,FMCG Cartons,18.1,520.6,25280,2025-06-12,Bharat Roadways
SHP01838,Ahmedabad,Mumbai,Medium,Cement,14.5,520.1,20344,2025-06-15,Speedway Logistics
SHP01839,Mumbai,Delhi,Long,Steel Coils,21.0,1413.1,65361,2025-06-09,Om Sai Transport
SHP01840,Mumbai,Delhi,Long,Cement,21.3,1376.1,65484,2025-06-14,Trident Carriers
SHP01841,Mumbai,Delhi,Long,Cement,21.3,1426.9,66683,2025-06-13,Shivam Freight Co
SHP01842,Mumbai,Pune,Short,Steel Coils,9.5,148.6,5123,2025-06-20,Trident Carriers
SHP01843,Mumbai,Pune,Short,Cement,12.9,149.6,7355,2025-06-17,Bharat Roadways
SHP01844,Mumbai,Pune,Short,Auto Parts,19.2,147.2,10357,2025-06-20,Bharat Roadways
SHP01845,Mumbai,Pune,Short,Steel Coils,9.7,150.3,5529,2025-06-21,Om Sai Transport
SHP01846,Delhi,Jaipur,Short,FMCG Cartons,14.7,275.9,13565,2025-06-18,Speedway Logistics
SHP01847,Delhi,Jaipur,Short,Textiles,20.9,278.2,18696,2025-06-16,Bharat Roadways
SHP01848,Delhi,Jaipur,Short,Textiles,18.7,276.9,17310,2025-06-22,Shivam Freight Co
SHP01849,Delhi,Jaipur,Short,Cement,19.4,274.9,17812,2025-06-17,Bharat Roadways
SHP01850,Delhi,Jaipur,Short,FMCG Cartons,14.7,275.0,13034,2025-06-18,Shivam Freight Co
SHP01851,Chennai,Bangalore,Medium,Cement,10.7,357.0,11205,2025-06-21,Bharat Roadways
SHP01852,Chennai,Bangalore,Medium,Packaged Foods,21.2,344.1,21150,2025-06-21,Trident Carriers
SHP01853,Chennai,Bangalore,Medium,FMCG Cartons,20.2,355.6,21128,2025-06-18,Shivam Freight Co
SHP01854,Chennai,Bangalore,Medium,FMCG Cartons,17.5,347.1,17956,2025-06-18,Shivam Freight Co
SHP01855,Chennai,Bangalore,Medium,Textiles,9.7,350.0,10261,2025-06-21,Om Sai Transport
SHP01856,Kolkata,Bhubaneswar,Medium,Packaged Foods,19.9,447.3,23734,2025-06-18,Shivam Freight Co
SHP01857,Kolkata,Bhubaneswar,Medium,Cement,13.8,434.9,16286,2025-06-17,Speedway Logistics
SHP01858,Kolkata,Bhubaneswar,Medium,Cement,17.4,443.5,20494,2025-06-16,Om Sai Transport
SHP01859,Kolkata,Bhubaneswar,Medium,Cement,12.5,445.9,14922,2025-06-18,Bharat Roadways
SHP01860,Ahmedabad,Mumbai,Medium,Cement,9.2,527.5,13395,2025-06-19,Speedway Logistics
SHP01861,Ahmedabad,Mumbai,Medium,Packaged Foods,11.4,523.8,16530,2025-06-16,Trident Carriers
SHP01862,Ahmedabad,Mumbai,Medium,FMCG Cartons,18.9,520.1,28041,2025-06-20,Trident Carriers
SHP01863,Ahmedabad,Mumbai,Medium,Packaged Foods,16.7,536.6,25294,2025-06-18,Shivam Freight Co
SHP01864,Mumbai,Delhi,Long,Cement,21.1,1415.8,67826,2025-06-22,Shivam Freight Co
SHP01865,Mumbai,Delhi,Long,Textiles,18.4,1393.7,57967,2025-06-22,Om Sai Transport
SHP01866,Mumbai,Delhi,Long,Steel Coils,18.3,1395.7,58047,2025-06-18,Om Sai Transport
SHP01867,Mumbai,Delhi,Long,FMCG Cartons,21.9,1398.2,67410,2025-06-16,Trident Carriers
SHP01868,Mumbai,Pune,Short,Textiles,12.8,151.6,7304,2025-06-23,Trident Carriers
SHP01869,Mumbai,Pune,Short,Textiles,17.6,149.2,10008,2025-06-29,Bharat Roadways
SHP01870,Mumbai,Pune,Short,Steel Coils,16.4,147.7,8981,2025-06-25,Om Sai Transport
SHP01871,Delhi,Jaipur,Short,Textiles,9.5,274.5,8168,2025-06-28,Speedway Logistics
SHP01872,Delhi,Jaipur,Short,Textiles,16.5,279.0,14176,2025-06-27,Trident Carriers
SHP01873,Delhi,Jaipur,Short,FMCG Cartons,14.7,285.1,13047,2025-06-29,Trident Carriers
SHP01874,Delhi,Jaipur,Short,Textiles,10.7,284.1,9678,2025-06-24,Bharat Roadways
SHP01875,Chennai,Bangalore,Medium,FMCG Cartons,17.9,343.5,17424,2025-06-27,Bharat Roadways
SHP01876,Chennai,Bangalore,Medium,FMCG Cartons,12.0,350.7,11989,2025-06-25,Bharat Roadways
SHP01877,Chennai,Bangalore,Medium,Cement,20.1,352.5,19480,2025-06-28,Shivam Freight Co
SHP01878,Kolkata,Bhubaneswar,Medium,Steel Coils,14.8,432.6,17445,2025-06-24,Trident Carriers
SHP01879,Kolkata,Bhubaneswar,Medium,Packaged Foods,19.8,441.2,24045,2025-06-23,Om Sai Transport
SHP01880,Kolkata,Bhubaneswar,Medium,FMCG Cartons,10.9,446.6,13117,2025-06-29,Trident Carriers
SHP01881,Ahmedabad,Mumbai,Medium,Steel Coils,21.3,527.3,30937,2025-06-23,Trident Carriers
SHP01882,Ahmedabad,Mumbai,Medium,Cement,21.1,520.3,31374,2025-06-23,Shivam Freight Co
SHP01883,Ahmedabad,Mumbai,Medium,Textiles,13.1,523.9,19388,2025-06-28,Shivam Freight Co
SHP01884,Ahmedabad,Mumbai,Medium,Cement,21.2,534.5,31373,2025-06-27,Speedway Logistics
SHP01885,Mumbai,Delhi,Long,Textiles,21.4,1408.4,68710,2025-06-24,Shivam Freight Co
SHP01886,Mumbai,Delhi,Long,Packaged Foods,17.2,1427.9,55255,2025-06-27,Bharat Roadways
SHP01887,Mumbai,Delhi,Long,Packaged Foods,15.9,1419.5,48727,2025-06-26,Shivam Freight Co
SHP01888,Mumbai,Delhi,Long,FMCG Cartons,13.1,1401.1,39977,2025-06-27,Speedway Logistics
SHP01889,Mumbai,Pune,Short,Cement,13.7,151.6,7312,2025-07-05,Speedway Logistics
SHP01890,Mumbai,Pune,Short,FMCG Cartons,21.4,149.7,11247,2025-06-30,Shivam Freight Co
SHP01891,Mumbai,Pune,Short,Steel Coils,20.9,150.0,11168,2025-07-04,Om Sai Transport
SHP01892,Mumbai,Pune,Short,Textiles,12.0,151.7,6552,2025-07-01,Speedway Logistics
SHP01893,Delhi,Jaipur,Short,FMCG Cartons,16.9,281.9,16155,2025-07-02,Bharat Roadways
SHP01894,Delhi,Jaipur,Short,Auto Parts,14.5,275.3,13686,2025-07-04,Speedway Logistics
SHP01895,Delhi,Jaipur,Short,Auto Parts,20.4,284.5,18775,2025-06-30,Trident Carriers
SHP01896,Delhi,Jaipur,Short,Steel Coils,18.2,283.0,17130,2025-06-30,Bharat Roadways
SHP01897,Chennai,Bangalore,Medium,Auto Parts,9.9,345.3,9419,2025-07-04,Om Sai Transport
SHP01898,Chennai,Bangalore,Medium,FMCG Cartons,14.2,348.0,13651,2025-07-05,Bharat Roadways
SHP01899,Chennai,Bangalore,Medium,Textiles,19.7,347.7,18672,2025-07-04,Bharat Roadways
SHP01900,Chennai,Bangalore,Medium,Auto Parts,9.6,356.9,9568,2025-07-02,Om Sai Transport
SHP01901,Kolkata,Bhubaneswar,Medium,Packaged Foods,12.8,445.9,15645,2025-07-01,Speedway Logistics
SHP01902,Kolkata,Bhubaneswar,Medium,Cement,16.7,443.9,20739,2025-07-04,Speedway Logistics
SHP01903,Kolkata,Bhubaneswar,Medium,Auto Parts,16.7,447.0,20331,2025-07-05,Om Sai Transport
SHP01904,Kolkata,Bhubaneswar,Medium,Cement,11.3,436.8,13729,2025-07-02,Speedway Logistics
SHP01905,Kolkata,Bhubaneswar,Medium,Textiles,13.4,436.4,16113,2025-07-04,Shivam Freight Co
SHP01906,Ahmedabad,Mumbai,Medium,Packaged Foods,18.8,527.5,27062,2025-06-30,Speedway Logistics
SHP01907,Ahmedabad,Mumbai,Medium,Cement,12.6,528.5,18093,2025-07-02,Trident Carriers
SHP01908,Ahmedabad,Mumbai,Medium,Steel Coils,10.5,525.4,14457,2025-07-03,Speedway Logistics
SHP01909,Ahmedabad,Mumbai,Medium,Cement,20.9,525.5,30033,2025-07-06,Speedway Logistics
SHP01910,Mumbai,Delhi,Long,Cement,16.2,1377.4,47654,2025-07-01,Shivam Freight Co
SHP01911,Mumbai,Delhi,Long,Steel Coils,21.5,1422.5,65438,2025-07-06,Bharat Roadways
SHP01912,Mumbai,Delhi,Long,Textiles,19.7,1399.3,58380,2025-07-02,Om Sai Transport
SHP01913,Mumbai,Delhi,Long,Cement,15.8,1413.0,48600,2025-07-02,Bharat Roadways
SHP01914,Mumbai,Delhi,Long,Steel Coils,14.6,1396.9,42914,2025-07-06,Trident Carriers
SHP01915,Mumbai,Pune,Short,Packaged Foods,19.4,152.8,10986,2025-07-08,Bharat Roadways
SHP01916,Mumbai,Pune,Short,Packaged Foods,15.6,149.0,8376,2025-07-12,Shivam Freight Co
SHP01917,Mumbai,Pune,Short,Auto Parts,10.0,151.0,5578,2025-07-07,Bharat Roadways
SHP01918,Mumbai,Pune,Short,Textiles,19.3,152.6,10640,2025-07-13,Bharat Roadways
SHP01919,Mumbai,Pune,Short,Auto Parts,17.2,152.7,9447,2025-07-11,Speedway Logistics
SHP01920,Delhi,Jaipur,Short,FMCG Cartons,15.3,279.7,13462,2025-07-10,Speedway Logistics
SHP01921,Delhi,Jaipur,Short,Packaged Foods,20.4,276.6,18580,2025-07-13,Speedway Logistics
SHP01922,Delhi,Jaipur,Short,Packaged Foods,9.9,274.4,8739,2025-07-08,Speedway Logistics
SHP01923,Delhi,Jaipur,Short,Textiles,17.9,274.8,15877,2025-07-12,Speedway Logistics
SHP01924,Delhi,Jaipur,Short,FMCG Cartons,15.3,281.5,13938,2025-07-08,Speedway Logistics
SHP01925,Chennai,Bangalore,Medium,Auto Parts,17.2,349.9,17558,2025-07-11,Trident Carriers
SHP01926,Chennai,Bangalore,Medium,FMCG Cartons,10.5,344.4,10728,2025-07-13,Om Sai Transport
SHP01927,Chennai,Bangalore,Medium,Steel Coils,13.2,356.6,13786,2025-07-07,Om Sai Transport
SHP01928,Chennai,Bangalore,Medium,Packaged Foods,17.6,356.4,18027,2025-07-10,Speedway Logistics
SHP01929,Kolkata,Bhubaneswar,Medium,FMCG Cartons,16.8,446.4,21470,2025-07-07,Trident Carriers
SHP01930,Kolkata,Bhubaneswar,Medium,Textiles,20.6,440.1,26101,2025-07-07,Trident Carriers
SHP01931,Kolkata,Bhubaneswar,Medium,Auto Parts,13.1,435.8,16057,2025-07-10,Om Sai Transport
SHP01932,Kolkata,Bhubaneswar,Medium,FMCG Cartons,9.7,435.8,11957,2025-07-08,Bharat Roadways
SHP01933,Ahmedabad,Mumbai,Medium,Packaged Foods,20.4,524.1,28841,2025-07-13,Bharat Roadways
SHP01934,Ahmedabad,Mumbai,Medium,Textiles,17.0,539.5,24434,2025-07-11,Bharat Roadways
SHP01935,Ahmedabad,Mumbai,Medium,Packaged Foods,9.3,539.5,13407,2025-07-13,Trident Carriers
SHP01936,Ahmedabad,Mumbai,Medium,Cement,19.0,538.7,27638,2025-07-12,Shivam Freight Co
SHP01937,Mumbai,Delhi,Long,Packaged Foods,11.0,1383.1,32766,2025-07-13,Speedway Logistics
SHP01938,Mumbai,Delhi,Long,Steel Coils,11.1,1388.3,32866,2025-07-10,Shivam Freight Co
SHP01939,Mumbai,Delhi,Long,Textiles,21.2,1413.1,62588,2025-07-07,Bharat Roadways
SHP01940,Mumbai,Pune,Short,Packaged Foods,11.0,149.9,5824,2025-07-15,Speedway Logistics
SHP01941,Mumbai,Pune,Short,Packaged Foods,18.7,147.2,10024,2025-07-17,Om Sai Transport
SHP01942,Mumbai,Pune,Short,Cement,18.6,147.8,9691,2025-07-14,Bharat Roadways
SHP01943,Mumbai,Pune,Short,Cement,18.1,150.0,9840,2025-07-14,Shivam Freight Co
SHP01944,Mumbai,Pune,Short,Auto Parts,11.0,150.6,6005,2025-07-20,Speedway Logistics
SHP01945,Delhi,Jaipur,Short,FMCG Cartons,14.5,283.2,14084,2025-07-16,Om Sai Transport
SHP01946,Delhi,Jaipur,Short,Auto Parts,12.4,276.7,11707,2025-07-17,Trident Carriers
SHP01947,Delhi,Jaipur,Short,Auto Parts,11.9,279.2,11168,2025-07-16,Trident Carriers
SHP01948,Delhi,Jaipur,Short,Auto Parts,15.9,284.6,15063,2025-07-14,Om Sai Transport
SHP01949,Delhi,Jaipur,Short,Steel Coils,18.9,285.1,18450,2025-07-17,Shivam Freight Co
SHP01950,Chennai,Bangalore,Medium,FMCG Cartons,13.8,346.2,13612,2025-07-19,Trident Carriers
SHP01951,Chennai,Bangalore,Medium,Steel Coils,17.2,345.0,16423,2025-07-18,Speedway Logistics
SHP01952,Chennai,Bangalore,Medium,Auto Parts,15.4,355.1,15290,2025-07-15,Shivam Freight Co
SHP01953,Kolkata,Bhubaneswar,Medium,FMCG Cartons,18.9,446.0,22659,2025-07-17,Om Sai Transport
SHP01954,Kolkata,Bhubaneswar,Medium,Packaged Foods,13.4,436.7,15819,2025-07-16,Shivam Freight Co
SHP01955,Kolkata,Bhubaneswar,Medium,Textiles,20.3,441.7,24414,2025-07-15,Om Sai Transport
SHP01956,Kolkata,Bhubaneswar,Medium,Auto Parts,13.1,440.8,16090,2025-07-16,Om Sai Transport
SHP01957,Ahmedabad,Mumbai,Medium,Packaged Foods,18.5,535.1,27555,2025-07-17,Bharat Roadways
SHP01958,Ahmedabad,Mumbai,Medium,Cement,18.8,527.4,26372,2025-07-19,Speedway Logistics
SHP01959,Ahmedabad,Mumbai,Medium,Auto Parts,20.3,523.6,28187,2025-07-17,Speedway Logistics
SHP01960,Ahmedabad,Mumbai,Medium,Textiles,15.8,532.7,22356,2025-07-20,Om Sai Transport
SHP01961,Ahmedabad,Mumbai,Medium,Packaged Foods,12.9,527.9,18416,2025-07-16,Trident Carriers
SHP01962,Mumbai,Delhi,Long,Textiles,16.3,1421.8,48649,2025-07-16,Speedway Logistics
SHP01963,Mumbai,Delhi,Long,FMCG Cartons,21.4,1417.0,64456,2025-07-18,Om Sai Transport
SHP01964,Mumbai,Delhi,Long,Steel Coils,21.2,1397.9,65110,2025-07-19,Speedway Logistics
SHP01965,Mumbai,Delhi,Long,Steel Coils,19.8,1401.4,57691,2025-07-17,Speedway Logistics
SHP01966,Mumbai,Delhi,Long,Steel Coils,21.9,1398.3,63652,2025-07-19,Speedway Logistics
SHP01967,Mumbai,Pune,Short,Steel Coils,10.2,149.8,5368,2025-07-25,Bharat Roadways
SHP01968,Mumbai,Pune,Short,Cement,16.3,149.1,8335,2025-07-26,Speedway Logistics
SHP01969,Mumbai,Pune,Short,Packaged Foods,19.7,148.6,10433,2025-07-25,Trident Carriers
SHP01970,Mumbai,Pune,Short,Textiles,19.0,149.2,10142,2025-07-25,Speedway Logistics
SHP01971,Mumbai,Pune,Short,Steel Coils,11.0,147.5,5736,2025-07-23,Trident Carriers
SHP01972,Delhi,Jaipur,Short,Textiles,16.6,283.3,15201,2025-07-23,Shivam Freight Co
SHP01973,Delhi,Jaipur,Short,Packaged Foods,21.6,281.2,19599,2025-07-25,Om Sai Transport
SHP01974,Delhi,Jaipur,Short,Cement,9.0,276.7,7795,2025-07-22,Shivam Freight Co
SHP01975,Delhi,Jaipur,Short,Cement,11.1,276.0,9966,2025-07-23,Bharat Roadways
SHP01976,Delhi,Jaipur,Short,FMCG Cartons,19.5,275.9,17040,2025-07-24,Trident Carriers
SHP01977,Chennai,Bangalore,Medium,Auto Parts,14.1,346.4,14504,2025-07-26,Trident Carriers
SHP01978,Chennai,Bangalore,Medium,Steel Coils,15.8,347.4,16066,2025-07-25,Speedway Logistics
SHP01979,Chennai,Bangalore,Medium,Auto Parts,19.8,356.2,20866,2025-07-27,Shivam Freight Co
SHP01980,Chennai,Bangalore,Medium,Textiles,18.0,349.2,18089,2025-07-21,Om Sai Transport
SHP01981,Chennai,Bangalore,Medium,Auto Parts,11.3,352.1,11879,2025-07-27,Trident Carriers
SHP01982,Kolkata,Bhubaneswar,Medium,Auto Parts,20.4,442.1,25328,2025-07-22,Trident Carriers
SHP01983,Kolkata,Bhubaneswar,Medium,FMCG Cartons,18.7,434.4,21598,2025-07-24,Shivam Freight Co
SHP01984,Kolkata,Bhubaneswar,Medium,FMCG Cartons,16.6,434.6,19559,2025-07-23,Shivam Freight Co
SHP01985,Kolkata,Bhubaneswar,Medium,Packaged Foods,16.9,447.4,20132,2025-07-23,Om Sai Transport
SHP01986,Kolkata,Bhubaneswar,Medium,Packaged Foods,21.9,438.2,26610,2025-07-23,Bharat Roadways
SHP01987,Ahmedabad,Mumbai,Medium,Auto Parts,21.1,537.7,32399,2025-07-26,Om Sai Transport
SHP01988,Ahmedabad,Mumbai,Medium,Cement,18.7,523.1,27365,2025-07-25,Bharat Roadways
SHP01989,Ahmedabad,Mumbai,Medium,Packaged Foods,17.0,527.2,25170,2025-07-26,Speedway Logistics
SHP01990,Ahmedabad,Mumbai,Medium,Cement,10.7,537.9,15883,2025-07-27,Bharat Roadways
SHP01991,Ahmedabad,Mumbai,Medium,Textiles,18.2,528.8,26390,2025-07-27,Trident Carriers
SHP01992,Mumbai,Delhi,Long,Packaged Foods,13.3,1413.3,41779,2025-07-23,Speedway Logistics
SHP01993,Mumbai,Delhi,Long,Cement,16.6,1422.7,53341,2025-07-25,Om Sai Transport
SHP01994,Mumbai,Delhi,Long,Textiles,17.7,1395.3,52903,2025-07-22,Speedway Logistics
SHP01995,Mumbai,Pune,Short,Textiles,9.6,148.0,5058,2025-08-02,Om Sai Transport
SHP01996,Mumbai,Pune,Short,FMCG Cartons,18.7,148.0,9987,2025-07-28,Trident Carriers
SHP01997,Mumbai,Pune,Short,Packaged Foods,10.5,150.4,5574,2025-08-03,Bharat Roadways
SHP01998,Mumbai,Pune,Short,Steel Coils,15.0,150.4,7795,2025-07-28,Bharat Roadways
SHP01999,Mumbai,Pune,Short,Steel Coils,16.7,148.1,8992,2025-08-03,Bharat Roadways
SHP02000,Delhi,Jaipur,Short,Packaged Foods,20.4,279.6,19454,2025-07-30,Speedway Logistics
SHP02001,Delhi,Jaipur,Short,Packaged Foods,18.6,282.8,17277,2025-07-31,Trident Carriers
SHP02002,Delhi,Jaipur,Short,Steel Coils,10.8,276.4,9808,2025-07-29,Trident Carriers
SHP02003,Chennai,Bangalore,Medium,FMCG Cartons,18.1,347.1,17269,2025-07-31,Shivam Freight Co
SHP02004,Chennai,Bangalore,Medium,Packaged Foods,19.0,348.1,18466,2025-08-03,Speedway Logistics
SHP02005,Chennai,Bangalore,Medium,Textiles,19.9,343.5,18928,2025-08-01,Speedway Logistics
SHP02006,Kolkata,Bhubaneswar,Medium,Packaged Foods,17.9,442.6,21444,2025-07-30,Shivam Freight Co
SHP02007,Kolkata,Bhubaneswar,Medium,Steel Coils,18.7,440.9,22289,2025-08-01,Trident Carriers
SHP02008,Kolkata,Bhubaneswar,Medium,Packaged Foods,12.4,435.0,15162,2025-08-01,Speedway Logistics
SHP02009,Kolkata,Bhubaneswar,Medium,Auto Parts,15.1,439.6,18004,2025-08-01,Shivam Freight Co
SHP02010,Kolkata,Bhubaneswar,Medium,Cement,13.2,447.1,15795,2025-07-30,Speedway Logistics
SHP02011,Ahmedabad,Mumbai,Medium,FMCG Cartons,20.7,526.5,28849,2025-07-30,Speedway Logistics
SHP02012,Ahmedabad,Mumbai,Medium,Textiles,11.4,529.3,15811,2025-08-03,Om Sai Transport
SHP02013,Ahmedabad,Mumbai,Medium,Steel Coils,18.0,532.0,26191,2025-07-31,Trident Carriers
SHP02014,Ahmedabad,Mumbai,Medium,FMCG Cartons,16.8,534.7,24208,2025-07-31,Bharat Roadways
SHP02015,Mumbai,Delhi,Long,FMCG Cartons,15.6,1422.4,48999,2025-08-03,Shivam Freight Co
SHP02016,Mumbai,Delhi,Long,Textiles,9.4,1394.4,29103,2025-07-30,Shivam Freight Co
SHP02017,Mumbai,Delhi,Long,Packaged Foods,21.6,1383.1,67287,2025-07-29,Trident Carriers
SHP02018,Mumbai,Pune,Short,Auto Parts,19.0,148.9,10771,2025-08-07,Speedway Logistics
SHP02019,Mumbai,Pune,Short,FMCG Cartons,17.6,149.8,9682,2025-08-05,Trident Carriers
SHP02020,Mumbai,Pune,Short,Packaged Foods,12.1,147.5,6555,2025-08-04,Speedway Logistics
SHP02021,Delhi,Jaipur,Short,Cement,13.9,283.9,13141,2025-08-06,Om Sai Transport
SHP02022,Delhi,Jaipur,Short,Packaged Foods,14.1,280.6,12965,2025-08-07,Om Sai Transport
SHP02023,Delhi,Jaipur,Short,Auto Parts,18.2,283.7,17489,2025-08-04,Speedway Logistics
SHP02024,Chennai,Bangalore,Medium,Packaged Foods,19.1,344.9,19710,2025-08-10,Om Sai Transport
SHP02025,Chennai,Bangalore,Medium,Packaged Foods,15.9,351.4,16177,2025-08-09,Shivam Freight Co
SHP02026,Chennai,Bangalore,Medium,FMCG Cartons,20.5,343.4,20174,2025-08-05,Trident Carriers
SHP02027,Chennai,Bangalore,Medium,Auto Parts,19.7,347.8,20155,2025-08-10,Bharat Roadways
SHP02028,Kolkata,Bhubaneswar,Medium,FMCG Cartons,9.6,440.0,11255,2025-08-04,Om Sai Transport
SHP02029,Kolkata,Bhubaneswar,Medium,Packaged Foods,14.5,442.7,17086,2025-08-07,Om Sai Transport
SHP02030,Kolkata,Bhubaneswar,Medium,Auto Parts,21.5,431.8,24916,2025-08-05,Shivam Freight Co
SHP02031,Kolkata,Bhubaneswar,Medium,Packaged Foods,15.0,445.9,17584,2025-08-09,Bharat Roadways
SHP02032,Kolkata,Bhubaneswar,Medium,FMCG Cartons,14.3,442.7,17385,2025-08-05,Speedway Logistics
SHP02033,Ahmedabad,Mumbai,Medium,Auto Parts,9.2,533.9,13407,2025-08-09,Om Sai Transport
SHP02034,Ahmedabad,Mumbai,Medium,Cement,12.9,535.8,18422,2025-08-09,Shivam Freight Co
SHP02035,Ahmedabad,Mumbai,Medium,Auto Parts,20.8,536.5,30184,2025-08-10,Trident Carriers
SHP02036,Ahmedabad,Mumbai,Medium,Auto Parts,21.6,537.3,30656,2025-08-05,Shivam Freight Co
SHP02037,Ahmedabad,Mumbai,Medium,FMCG Cartons,20.3,535.5,28659,2025-08-04,Shivam Freight Co
SHP02038,Mumbai,Delhi,Long,Auto Parts,18.5,1417.5,55456,2025-08-04,Trident Carriers
SHP02039,Mumbai,Delhi,Long,Textiles,20.3,1374.2,59011,2025-08-04,Trident Carriers
SHP02040,Mumbai,Delhi,Long,Cement,13.4,1386.1,38903,2025-08-10,Shivam Freight Co
SHP02041,Mumbai,Delhi,Long,FMCG Cartons,12.8,1387.0,37458,2025-08-07,Trident Carriers
SHP02042,Mumbai,Pune,Short,Steel Coils,18.5,147.7,9604,2025-08-14,Speedway Logistics
SHP02043,Mumbai,Pune,Short,Auto Parts,10.2,147.5,5350,2025-08-16,Om Sai Transport
SHP02044,Mumbai,Pune,Short,Steel Coils,13.5,152.4,7200,2025-08-15,Shivam Freight Co
SHP02045,Mumbai,Pune,Short,Steel Coils,9.5,150.4,4960,2025-08-11,Shivam Freight Co
SHP02046,Mumbai,Pune,Short,Textiles,17.3,152.9,9493,2025-08-14,Bharat Roadways
SHP02047,Delhi,Jaipur,Short,FMCG Cartons,14.5,282.8,13536,2025-08-16,Bharat Roadways
SHP02048,Delhi,Jaipur,Short,Textiles,14.6,283.8,13757,2025-08-12,Trident Carriers
SHP02049,Delhi,Jaipur,Short,Steel Coils,17.0,285.5,16533,2025-08-17,Bharat Roadways
SHP02050,Delhi,Jaipur,Short,FMCG Cartons,15.1,278.6,14520,2025-08-14,Speedway Logistics
SHP02051,Chennai,Bangalore,Medium,FMCG Cartons,14.2,343.6,13699,2025-08-13,Bharat Roadways
SHP02052,Chennai,Bangalore,Medium,FMCG Cartons,9.2,348.7,9135,2025-08-12,Trident Carriers
SHP02053,Chennai,Bangalore,Medium,Steel Coils,19.3,349.5,19464,2025-08-11,Speedway Logistics
SHP02054,Chennai,Bangalore,Medium,Packaged Foods,13.2,343.3,12631,2025-08-13,Shivam Freight Co
SHP02055,Kolkata,Bhubaneswar,Medium,Cement,13.3,442.4,16221,2025-08-15,Trident Carriers
SHP02056,Kolkata,Bhubaneswar,Medium,Packaged Foods,13.5,437.2,16326,2025-08-14,Om Sai Transport
SHP02057,Kolkata,Bhubaneswar,Medium,Auto Parts,18.1,434.9,22074,2025-08-13,Bharat Roadways
SHP02058,Kolkata,Bhubaneswar,Medium,Textiles,16.4,442.8,19645,2025-08-14,Trident Carriers
SHP02059,Ahmedabad,Mumbai,Medium,Auto Parts,13.8,540.3,19437,2025-08-13,Om Sai Transport
SHP02060,Ahmedabad,Mumbai,Medium,Textiles,17.1,520.0,23003,2025-08-13,Om Sai Transport
SHP02061,Ahmedabad,Mumbai,Medium,Textiles,18.9,528.2,26750,2025-08-13,Om Sai Transport
SHP02062,Mumbai,Delhi,Long,Cement,13.9,1402.1,43057,2025-08-11,Om Sai Transport
SHP02063,Mumbai,Delhi,Long,Steel Coils,21.9,1384.2,65492,2025-08-12,Om Sai Transport
SHP02064,Mumbai,Delhi,Long,FMCG Cartons,13.6,1402.8,40348,2025-08-15,Trident Carriers
SHP02065,Mumbai,Pune,Short,FMCG Cartons,17.9,151.0,10140,2025-08-23,Shivam Freight Co
SHP02066,Mumbai,Pune,Short,Auto Parts,14.1,150.2,8052,2025-08-21,Trident Carriers
SHP02067,Mumbai,Pune,Short,Auto Parts,14.8,152.0,8585,2025-08-19,Trident Carriers
SHP02068,Mumbai,Pune,Short,Steel Coils,19.8,147.0,11003,2025-08-23,Bharat Roadways
SHP02069,Delhi,Jaipur,Short,Textiles,14.4,279.1,13043,2025-08-18,Speedway Logistics
SHP02070,Delhi,Jaipur,Short,Textiles,17.1,276.0,16075,2025-08-22,Om Sai Transport
SHP02071,Delhi,Jaipur,Short,Packaged Foods,13.2,285.0,12255,2025-08-22,Om Sai Transport
SHP02072,Delhi,Jaipur,Short,Packaged Foods,21.4,282.1,19393,2025-08-22,Om Sai Transport
SHP02073,Chennai,Bangalore,Medium,Steel Coils,20.9,345.7,20645,2025-08-23,Speedway Logistics
SHP02074,Chennai,Bangalore,Medium,FMCG Cartons,18.3,349.6,17997,2025-08-19,Bharat Roadways
SHP02075,Chennai,Bangalore,Medium,Packaged Foods,11.7,355.5,11887,2025-08-19,Shivam Freight Co
SHP02076,Chennai,Bangalore,Medium,Textiles,12.1,349.2,11869,2025-08-21,Bharat Roadways
SHP02077,Chennai,Bangalore,Medium,Steel Coils,19.9,354.3,20648,2025-08-19,Om Sai Transport
SHP02078,Kolkata,Bhubaneswar,Medium,Textiles,9.4,431.3,11710,2025-08-24,Om Sai Transport
SHP02079,Kolkata,Bhubaneswar,Medium,Packaged Foods,9.9,446.4,12568,2025-08-20,Shivam Freight Co
SHP02080,Kolkata,Bhubaneswar,Medium,Packaged Foods,19.1,433.3,23861,2025-08-22,Bharat Roadways
SHP02081,Kolkata,Bhubaneswar,Medium,Auto Parts,19.8,438.9,24180,2025-08-24,Bharat Roadways
SHP02082,Kolkata,Bhubaneswar,Medium,Auto Parts,18.3,437.6,22903,2025-08-23,Om Sai Transport
SHP02083,Ahmedabad,Mumbai,Medium,Cement,18.9,537.4,26711,2025-08-24,Speedway Logistics
SHP02084,Ahmedabad,Mumbai,Medium,Auto Parts,17.5,527.2,23628,2025-08-19,Speedway Logistics
SHP02085,Ahmedabad,Mumbai,Medium,Packaged Foods,13.3,525.0,18488,2025-08-21,Om Sai Transport
SHP02086,Mumbai,Delhi,Long,Packaged Foods,18.0,1391.2,54970,2025-08-21,Trident Carriers
SHP02087,Mumbai,Delhi,Long,Textiles,16.7,1403.8,52805,2025-08-19,Trident Carriers
SHP02088,Mumbai,Delhi,Long,FMCG Cartons,20.4,1373.5,62375,2025-08-23,Trident Carriers
SHP02089,Mumbai,Pune,Short,Steel Coils,15.2,150.8,8270,2025-08-27,Speedway Logistics
SHP02090,Mumbai,Pune,Short,Steel Coils,12.8,147.9,6808,2025-08-30,Bharat Roadways
SHP02091,Mumbai,Pune,Short,FMCG Cartons,16.6,152.1,8950,2025-08-25,Trident Carriers
SHP02092,Mumbai,Pune,Short,Auto Parts,18.7,151.3,10550,2025-08-28,Shivam Freight Co
SHP02093,Mumbai,Pune,Short,Textiles,21.6,152.4,12023,2025-08-29,Trident Carriers
SHP02094,Delhi,Jaipur,Short,Auto Parts,15.3,284.1,13859,2025-08-29,Speedway Logistics
SHP02095,Delhi,Jaipur,Short,FMCG Cartons,13.9,279.8,12780,2025-08-25,Speedway Logistics
SHP02096,Delhi,Jaipur,Short,Packaged Foods,11.9,277.9,10615,2025-08-31,Bharat Roadways
SHP02097,Delhi,Jaipur,Short,Cement,13.6,281.7,12432,2025-08-30,Shivam Freight Co
SHP02098,Delhi,Jaipur,Short,Auto Parts,18.6,284.5,17073,2025-08-25,Bharat Roadways
SHP02099,Chennai,Bangalore,Medium,Cement,21.5,346.8,21796,2025-08-29,Bharat Roadways
SHP02100,Chennai,Bangalore,Medium,Packaged Foods,15.8,349.3,15562,2025-08-31,Speedway Logistics
SHP02101,Chennai,Bangalore,Medium,Packaged Foods,17.5,352.7,17405,2025-08-30,Om Sai Transport
SHP02102,Chennai,Bangalore,Medium,Cement,21.7,345.5,21168,2025-08-27,Speedway Logistics
SHP02103,Kolkata,Bhubaneswar,Medium,Steel Coils,20.7,432.3,25349,2025-08-25,Speedway Logistics
SHP02104,Kolkata,Bhubaneswar,Medium,Textiles,18.9,435.5,23253,2025-08-25,Bharat Roadways
SHP02105,Kolkata,Bhubaneswar,Medium,Auto Parts,17.2,436.8,20866,2025-08-25,Bharat Roadways
SHP02106,Kolkata,Bhubaneswar,Medium,Auto Parts,10.3,439.6,12878,2025-08-29,Trident Carriers
SHP02107,Kolkata,Bhubaneswar,Medium,Packaged Foods,16.6,441.2,21168,2025-08-25,Om Sai Transport
SHP02108,Ahmedabad,Mumbai,Medium,FMCG Cartons,17.0,536.5,23988,2025-08-25,Om Sai Transport
SHP02109,Ahmedabad,Mumbai,Medium,Auto Parts,15.4,532.1,21189,2025-08-29,Shivam Freight Co
SHP02110,Ahmedabad,Mumbai,Medium,Steel Coils,17.4,525.4,23766,2025-08-29,Trident Carriers
SHP02111,Ahmedabad,Mumbai,Medium,Cement,16.3,525.2,22316,2025-08-28,Speedway Logistics
SHP02112,Ahmedabad,Mumbai,Medium,Auto Parts,13.1,529.7,18819,2025-08-28,Speedway Logistics
SHP02113,Mumbai,Delhi,Long,FMCG Cartons,13.0,1396.2,39042,2025-08-28,Shivam Freight Co
SHP02114,Mumbai,Delhi,Long,Steel Coils,11.5,1418.1,33403,2025-08-26,Trident Carriers
SHP02115,Mumbai,Delhi,Long,Packaged Foods,13.2,1400.1,38835,2025-08-25,Trident Carriers
SHP02116,Mumbai,Pune,Short,Steel Coils,13.2,151.0,7190,2025-09-04,Speedway Logistics
SHP02117,Mumbai,Pune,Short,Packaged Foods,11.0,150.7,6260,2025-09-04,Shivam Freight Co
SHP02118,Mumbai,Pune,Short,Auto Parts,19.1,151.7,10502,2025-09-03,Trident Carriers
SHP02119,Mumbai,Pune,Short,Packaged Foods,13.0,149.2,7226,2025-09-07,Trident Carriers
SHP02120,Mumbai,Pune,Short,Cement,14.5,149.7,7927,2025-09-04,Om Sai Transport
SHP02121,Delhi,Jaipur,Short,FMCG Cartons,19.5,278.4,19035,2025-09-07,Bharat Roadways
SHP02122,Delhi,Jaipur,Short,FMCG Cartons,11.6,283.6,11325,2025-09-03,Trident Carriers
SHP02123,Delhi,Jaipur,Short,Textiles,14.6,274.7,13577,2025-09-05,Speedway Logistics
SHP02124,Chennai,Bangalore,Medium,FMCG Cartons,12.6,349.2,12386,2025-09-02,Om Sai Transport
SHP02125,Chennai,Bangalore,Medium,Packaged Foods,16.7,356.2,17651,2025-09-01,Om Sai Transport
SHP02126,Chennai,Bangalore,Medium,Textiles,20.8,352.6,21171,2025-09-03,Shivam Freight Co
SHP02127,Kolkata,Bhubaneswar,Medium,FMCG Cartons,13.5,432.2,15549,2025-09-04,Bharat Roadways
SHP02128,Kolkata,Bhubaneswar,Medium,Packaged Foods,20.5,439.5,23343,2025-09-07,Om Sai Transport
SHP02129,Kolkata,Bhubaneswar,Medium,Steel Coils,20.4,445.7,24305,2025-09-05,Shivam Freight Co
SHP02130,Kolkata,Bhubaneswar,Medium,Packaged Foods,12.2,432.7,14097,2025-09-07,Trident Carriers
SHP02131,Ahmedabad,Mumbai,Medium,Packaged Foods,9.3,525.6,13462,2025-09-01,Trident Carriers
SHP02132,Ahmedabad,Mumbai,Medium,Steel Coils,13.7,539.7,20363,2025-09-06,Speedway Logistics
SHP02133,Ahmedabad,Mumbai,Medium,Packaged Foods,12.0,526.2,16969,2025-09-02,Trident Carriers
SHP02134,Ahmedabad,Mumbai,Medium,Packaged Foods,18.7,524.8,25832,2025-09-01,Om Sai Transport
SHP02135,Ahmedabad,Mumbai,Medium,Textiles,19.5,528.5,28425,2025-09-07,Bharat Roadways
SHP02136,Mumbai,Delhi,Long,FMCG Cartons,21.9,1403.7,67948,2025-09-07,Shivam Freight Co
SHP02137,Mumbai,Delhi,Long,Cement,16.5,1399.6,50075,2025-09-06,Shivam Freight Co
SHP02138,Mumbai,Delhi,Long,Textiles,16.3,1377.2,47163,2025-09-02,Bharat Roadways
SHP02139,Mumbai,Delhi,Long,Cement,15.1,1404.1,46016,2025-09-02,Om Sai Transport
SHP02140,Mumbai,Delhi,Long,Steel Coils,15.1,1417.8,47126,2025-09-06,Trident Carriers
SHP02141,Mumbai,Pune,Short,Auto Parts,14.9,150.5,8449,2025-09-13,Bharat Roadways
SHP02142,Mumbai,Pune,Short,Cement,12.8,149.4,7138,2025-09-11,Bharat Roadways
SHP02143,Mumbai,Pune,Short,Textiles,14.6,148.4,7912,2025-09-09,Trident Carriers
SHP02144,Delhi,Jaipur,Short,Packaged Foods,19.0,281.9,17619,2025-09-10,Shivam Freight Co
SHP02145,Delhi,Jaipur,Short,Cement,19.0,276.1,16877,2025-09-09,Bharat Roadways
SHP02146,Delhi,Jaipur,Short,Textiles,21.3,280.4,19019,2025-09-09,Trident Carriers
SHP02147,Delhi,Jaipur,Short,Packaged Foods,13.3,285.1,12280,2025-09-09,Speedway Logistics
SHP02148,Delhi,Jaipur,Short,Steel Coils,11.1,276.7,10355,2025-09-09,Trident Carriers
SHP02149,Chennai,Bangalore,Medium,Cement,14.7,355.6,14818,2025-09-11,Om Sai Transport
SHP02150,Chennai,Bangalore,Medium,Auto Parts,20.1,355.1,19488,2025-09-08,Om Sai Transport
SHP02151,Chennai,Bangalore,Medium,Cement,11.7,348.6,11253,2025-09-14,Bharat Roadways
SHP02152,Kolkata,Bhubaneswar,Medium,Cement,15.7,441.4,18723,2025-09-09,Om Sai Transport
SHP02153,Kolkata,Bhubaneswar,Medium,Steel Coils,13.7,444.2,17279,2025-09-11,Speedway Logistics
SHP02154,Kolkata,Bhubaneswar,Medium,Textiles,19.4,448.5,23791,2025-09-10,Bharat Roadways
SHP02155,Ahmedabad,Mumbai,Medium,FMCG Cartons,14.5,527.5,20425,2025-09-08,Trident Carriers
SHP02156,Ahmedabad,Mumbai,Medium,Packaged Foods,19.9,539.4,27781,2025-09-14,Trident Carriers
SHP02157,Ahmedabad,Mumbai,Medium,Auto Parts,18.1,524.3,24881,2025-09-14,Om Sai Transport
SHP02158,Ahmedabad,Mumbai,Medium,Cement,21.5,519.7,29433,2025-09-10,Speedway Logistics
SHP02159,Mumbai,Delhi,Long,Cement,15.7,1372.5,44631,2025-09-11,Bharat Roadways
SHP02160,Mumbai,Delhi,Long,FMCG Cartons,11.7,1405.4,35310,2025-09-10,Shivam Freight Co
SHP02161,Mumbai,Delhi,Long,Steel Coils,11.0,1395.2,31850,2025-09-12,Speedway Logistics
SHP02162,Mumbai,Pune,Short,Auto Parts,11.1,147.7,6489,2025-09-17,Trident Carriers
SHP02163,Mumbai,Pune,Short,Cement,12.4,152.5,7405,2025-09-21,Trident Carriers
SHP02164,Mumbai,Pune,Short,Auto Parts,15.1,147.2,8922,2025-09-16,Bharat Roadways
SHP02165,Mumbai,Pune,Short,Steel Coils,18.9,150.2,11387,2025-09-16,Bharat Roadways
SHP02166,Delhi,Jaipur,Short,Auto Parts,14.5,276.9,12695,2025-09-18,Om Sai Transport
SHP02167,Delhi,Jaipur,Short,Packaged Foods,16.0,284.0,14427,2025-09-19,Bharat Roadways
SHP02168,Delhi,Jaipur,Short,FMCG Cartons,15.1,277.9,13951,2025-09-16,Shivam Freight Co
SHP02169,Chennai,Bangalore,Medium,Textiles,10.3,352.4,10763,2025-09-21,Speedway Logistics
SHP02170,Chennai,Bangalore,Medium,Steel Coils,15.7,344.8,16354,2025-09-16,Bharat Roadways
SHP02171,Chennai,Bangalore,Medium,Cement,18.3,353.4,18935,2025-09-19,Speedway Logistics
SHP02172,Chennai,Bangalore,Medium,Packaged Foods,11.4,346.2,11820,2025-09-17,Om Sai Transport
SHP02173,Kolkata,Bhubaneswar,Medium,FMCG Cartons,21.8,440.3,26273,2025-09-16,Om Sai Transport
SHP02174,Kolkata,Bhubaneswar,Medium,Cement,10.9,437.8,13435,2025-09-21,Om Sai Transport
SHP02175,Kolkata,Bhubaneswar,Medium,Steel Coils,19.3,442.3,24379,2025-09-15,Bharat Roadways
SHP02176,Kolkata,Bhubaneswar,Medium,Textiles,12.1,445.9,14885,2025-09-15,Om Sai Transport
SHP02177,Kolkata,Bhubaneswar,Medium,Textiles,13.5,439.7,16606,2025-09-21,Om Sai Transport
SHP02178,Ahmedabad,Mumbai,Medium,FMCG Cartons,12.4,529.0,18363,2025-09-20,Shivam Freight Co
SHP02179,Ahmedabad,Mumbai,Medium,FMCG Cartons,13.4,539.0,20770,2025-09-17,Om Sai Transport
SHP02180,Ahmedabad,Mumbai,Medium,FMCG Cartons,14.9,535.8,21887,2025-09-21,Shivam Freight Co
SHP02181,Ahmedabad,Mumbai,Medium,Textiles,19.2,525.0,28195,2025-09-15,Speedway Logistics
SHP02182,Mumbai,Delhi,Long,Steel Coils,10.4,1397.6,30989,2025-09-17,Trident Carriers
SHP02183,Mumbai,Delhi,Long,Textiles,14.7,1389.2,44668,2025-09-15,Speedway Logistics
SHP02184,Mumbai,Delhi,Long,Steel Coils,21.2,1394.3,64709,2025-09-16,Speedway Logistics
SHP02185,Mumbai,Pune,Short,Textiles,15.8,151.5,9219,2025-09-26,Shivam Freight Co
SHP02186,Mumbai,Pune,Short,Textiles,15.9,147.3,8893,2025-09-27,Speedway Logistics
SHP02187,Mumbai,Pune,Short,Textiles,10.3,149.2,5704,2025-09-27,Speedway Logistics
SHP02188,Delhi,Jaipur,Short,Cement,16.9,285.0,15717,2025-09-24,Om Sai Transport
SHP02189,Delhi,Jaipur,Short,Auto Parts,20.7,277.7,18883,2025-09-25,Trident Carriers
SHP02190,Delhi,Jaipur,Short,Packaged Foods,21.2,275.9,18125,2025-09-24,Shivam Freight Co
SHP02191,Delhi,Jaipur,Short,Cement,11.7,281.9,10684,2025-09-26,Bharat Roadways
SHP02192,Delhi,Jaipur,Short,Steel Coils,10.8,282.9,9749,2025-09-23,Om Sai Transport
SHP02193,Chennai,Bangalore,Medium,Steel Coils,11.5,348.5,11837,2025-09-22,Trident Carriers
SHP02194,Chennai,Bangalore,Medium,Packaged Foods,14.2,345.0,14377,2025-09-26,Speedway Logistics
SHP02195,Chennai,Bangalore,Medium,Cement,10.9,345.9,10770,2025-09-24,Bharat Roadways
SHP02196,Kolkata,Bhubaneswar,Medium,Auto Parts,17.2,433.0,20180,2025-09-27,Trident Carriers
SHP02197,Kolkata,Bhubaneswar,Medium,Cement,16.0,445.7,19484,2025-09-23,Trident Carriers
SHP02198,Kolkata,Bhubaneswar,Medium,FMCG Cartons,21.3,446.6,25109,2025-09-28,Bharat Roadways
SHP02199,Kolkata,Bhubaneswar,Medium,Packaged Foods,14.5,442.2,17058,2025-09-27,Om Sai Transport
SHP02200,Kolkata,Bhubaneswar,Medium,Textiles,11.9,444.5,14016,2025-09-27,Shivam Freight Co
SHP02201,Ahmedabad,Mumbai,Medium,Auto Parts,15.4,537.4,22172,2025-09-25,Bharat Roadways
SHP02202,Ahmedabad,Mumbai,Medium,Packaged Foods,20.2,532.9,28119,2025-09-27,Trident Carriers
SHP02203,Ahmedabad,Mumbai,Medium,FMCG Cartons,17.3,538.6,24411,2025-09-27,Trident Carriers
SHP02204,Ahmedabad,Mumbai,Medium,Textiles,10.3,521.2,14471,2025-09-23,Om Sai Transport
SHP02205,Mumbai,Delhi,Long,Auto Parts,10.4,1409.3,32622,2025-09-27,Shivam Freight Co
SHP02206,Mumbai,Delhi,Long,Packaged Foods,16.4,1406.0,50794,2025-09-28,Om Sai Transport
SHP02207,Mumbai,Delhi,Long,Cement,10.4,1374.4,31922,2025-09-27,Shivam Freight Co
SHP02208,Mumbai,Pune,Short,Auto Parts,13.7,151.6,7976,2025-10-03,Om Sai Transport
SHP02209,Mumbai,Pune,Short,Auto Parts,9.5,151.3,5512,2025-10-02,Shivam Freight Co
SHP02210,Mumbai,Pune,Short,Packaged Foods,9.5,152.2,5463,2025-10-05,Om Sai Transport
SHP02211,Delhi,Jaipur,Short,Cement,11.3,276.8,10697,2025-10-01,Trident Carriers
SHP02212,Delhi,Jaipur,Short,FMCG Cartons,19.4,284.7,18999,2025-10-05,Trident Carriers
SHP02213,Delhi,Jaipur,Short,FMCG Cartons,13.5,283.6,13361,2025-09-30,Om Sai Transport
SHP02214,Delhi,Jaipur,Short,FMCG Cartons,13.2,283.2,12836,2025-10-04,Speedway Logistics
SHP02215,Delhi,Jaipur,Short,Packaged Foods,19.0,276.7,17890,2025-10-01,Om Sai Transport
SHP02216,Chennai,Bangalore,Medium,Textiles,15.5,345.4,15280,2025-10-01,Shivam Freight Co
SHP02217,Chennai,Bangalore,Medium,FMCG Cartons,19.9,353.4,20243,2025-10-05,Bharat Roadways
SHP02218,Chennai,Bangalore,Medium,Auto Parts,10.2,355.8,10560,2025-10-03,Speedway Logistics
SHP02219,Chennai,Bangalore,Medium,FMCG Cartons,11.6,353.6,12259,2025-10-02,Trident Carriers
SHP02220,Kolkata,Bhubaneswar,Medium,Steel Coils,21.5,444.5,26883,2025-09-29,Shivam Freight Co
SHP02221,Kolkata,Bhubaneswar,Medium,Textiles,15.6,436.7,19535,2025-10-01,Shivam Freight Co
SHP02222,Kolkata,Bhubaneswar,Medium,Cement,17.0,434.3,20458,2025-09-29,Shivam Freight Co
SHP02223,Kolkata,Bhubaneswar,Medium,Packaged Foods,17.6,447.3,22857,2025-09-30,Trident Carriers
SHP02224,Ahmedabad,Mumbai,Medium,FMCG Cartons,14.0,522.2,19934,2025-10-04,Shivam Freight Co
SHP02225,Ahmedabad,Mumbai,Medium,Cement,10.1,531.5,14770,2025-10-02,Speedway Logistics
SHP02226,Ahmedabad,Mumbai,Medium,Steel Coils,17.7,531.0,24767,2025-10-02,Speedway Logistics
SHP02227,Ahmedabad,Mumbai,Medium,Steel Coils,11.9,524.6,16825,2025-09-30,Bharat Roadways
SHP02228,Ahmedabad,Mumbai,Medium,Auto Parts,21.5,525.7,30841,2025-10-02,Om Sai Transport
SHP02229,Mumbai,Delhi,Long,Auto Parts,14.4,1403.8,45027,2025-10-03,Shivam Freight Co
SHP02230,Mumbai,Delhi,Long,FMCG Cartons,21.7,1421.8,68315,2025-10-04,Trident Carriers
SHP02231,Mumbai,Delhi,Long,FMCG Cartons,13.7,1396.2,42801,2025-09-30,Shivam Freight Co
SHP02232,Mumbai,Delhi,Long,Packaged Foods,21.5,1392.0,63868,2025-10-05,Speedway Logistics
SHP02233,Mumbai,Delhi,Long,Textiles,16.5,1416.6,49765,2025-10-05,Om Sai Transport
SHP02234,Mumbai,Pune,Short,Packaged Foods,16.9,151.8,10142,2025-10-11,Shivam Freight Co
SHP02235,Mumbai,Pune,Short,Cement,11.9,151.9,6955,2025-10-12,Om Sai Transport
SHP02236,Mumbai,Pune,Short,Cement,15.5,150.7,9079,2025-10-07,Shivam Freight Co
SHP02237,Mumbai,Pune,Short,Packaged Foods,17.5,149.7,10464,2025-10-09,Speedway Logistics
SHP02238,Mumbai,Pune,Short,Textiles,13.6,147.4,8035,2025-10-08,Trident Carriers
SHP02239,Delhi,Jaipur,Short,Auto Parts,14.6,281.1,13182,2025-10-07,Speedway Logistics
SHP02240,Delhi,Jaipur,Short,FMCG Cartons,13.0,281.8,11720,2025-10-08,Speedway Logistics
SHP02241,Delhi,Jaipur,Short,Textiles,20.4,280.8,18597,2025-10-07,Shivam Freight Co
SHP02242,Delhi,Jaipur,Short,FMCG Cartons,9.1,277.9,8048,2025-10-11,Shivam Freight Co
SHP02243,Delhi,Jaipur,Short,Auto Parts,21.7,275.7,19045,2025-10-10,Speedway Logistics
SHP02244,Chennai,Bangalore,Medium,Steel Coils,19.1,356.7,19581,2025-10-12,Bharat Roadways
SHP02245,Chennai,Bangalore,Medium,Cement,15.4,352.1,14794,2025-10-06,Om Sai Transport
SHP02246,Chennai,Bangalore,Medium,Auto Parts,21.3,351.0,20733,2025-10-09,Om Sai Transport
SHP02247,Chennai,Bangalore,Medium,Steel Coils,13.5,344.9,12685,2025-10-08,Om Sai Transport
SHP02248,Chennai,Bangalore,Medium,Steel Coils,15.5,355.3,15085,2025-10-09,Speedway Logistics
SHP02249,Kolkata,Bhubaneswar,Medium,FMCG Cartons,13.4,442.3,17225,2025-10-10,Bharat Roadways
SHP02250,Kolkata,Bhubaneswar,Medium,FMCG Cartons,9.8,446.7,12577,2025-10-11,Bharat Roadways
SHP02251,Kolkata,Bhubaneswar,Medium,FMCG Cartons,21.5,434.2,26774,2025-10-06,Om Sai Transport
SHP02252,Kolkata,Bhubaneswar,Medium,Cement,19.4,436.6,24349,2025-10-08,Speedway Logistics
SHP02253,Ahmedabad,Mumbai,Medium,Packaged Foods,16.0,530.0,23833,2025-10-06,Speedway Logistics
SHP02254,Ahmedabad,Mumbai,Medium,Steel Coils,16.5,532.1,24554,2025-10-11,Shivam Freight Co
SHP02255,Ahmedabad,Mumbai,Medium,Textiles,19.6,522.6,27200,2025-10-06,Bharat Roadways
SHP02256,Mumbai,Delhi,Long,Cement,17.9,1378.0,55765,2025-10-07,Om Sai Transport
SHP02257,Mumbai,Delhi,Long,Auto Parts,11.0,1382.8,34436,2025-10-08,Shivam Freight Co
SHP02258,Mumbai,Delhi,Long,Textiles,19.2,1418.6,62878,2025-10-11,Bharat Roadways
SHP02259,Mumbai,Delhi,Long,Auto Parts,13.8,1390.9,42486,2025-10-12,Speedway Logistics
SHP02260,Mumbai,Pune,Short,Packaged Foods,21.8,147.4,12369,2025-10-19,Shivam Freight Co
SHP02261,Mumbai,Pune,Short,Textiles,15.8,147.6,9075,2025-10-15,Shivam Freight Co
SHP02262,Mumbai,Pune,Short,Packaged Foods,15.9,150.5,9163,2025-10-17,Speedway Logistics
SHP02263,Mumbai,Pune,Short,Packaged Foods,10.8,148.7,6287,2025-10-15,Om Sai Transport
SHP02264,Delhi,Jaipur,Short,Auto Parts,9.3,275.3,8171,2025-10-17,Shivam Freight Co
SHP02265,Delhi,Jaipur,Short,Packaged Foods,15.5,278.8,14369,2025-10-15,Bharat Roadways
SHP02266,Delhi,Jaipur,Short,Textiles,9.5,280.3,8938,2025-10-15,Shivam Freight Co
SHP02267,Delhi,Jaipur,Short,Cement,17.3,280.5,16091,2025-10-17,Bharat Roadways
SHP02268,Chennai,Bangalore,Medium,Auto Parts,16.0,347.9,16091,2025-10-18,Shivam Freight Co
SHP02269,Chennai,Bangalore,Medium,Cement,11.3,350.3,11138,2025-10-18,Speedway Logistics
SHP02270,Chennai,Bangalore,Medium,FMCG Cartons,21.3,344.4,21291,2025-10-18,Bharat Roadways
SHP02271,Chennai,Bangalore,Medium,Cement,15.4,353.0,15481,2025-10-17,Bharat Roadways
SHP02272,Kolkata,Bhubaneswar,Medium,Packaged Foods,21.0,443.3,24309,2025-10-14,Trident Carriers
SHP02273,Kolkata,Bhubaneswar,Medium,Auto Parts,21.8,448.5,26828,2025-10-15,Bharat Roadways
SHP02274,Kolkata,Bhubaneswar,Medium,Auto Parts,16.8,433.9,19761,2025-10-15,Shivam Freight Co
SHP02275,Kolkata,Bhubaneswar,Medium,Packaged Foods,20.7,443.7,24435,2025-10-18,Trident Carriers
SHP02276,Ahmedabad,Mumbai,Medium,Auto Parts,14.4,528.2,20594,2025-10-14,Trident Carriers
SHP02277,Ahmedabad,Mumbai,Medium,Auto Parts,17.1,532.1,24812,2025-10-18,Speedway Logistics
SHP02278,Ahmedabad,Mumbai,Medium,Steel Coils,11.9,533.5,17565,2025-10-13,Om Sai Transport
SHP02279,Ahmedabad,Mumbai,Medium,FMCG Cartons,16.0,520.8,22410,2025-10-18,Om Sai Transport
SHP02280,Mumbai,Delhi,Long,Auto Parts,16.4,1387.9,48439,2025-10-13,Speedway Logistics
SHP02281,Mumbai,Delhi,Long,Textiles,16.2,1425.2,50310,2025-10-14,Bharat Roadways
SHP02282,Mumbai,Delhi,Long,Auto Parts,10.4,1398.3,31176,2025-10-19,Speedway Logistics
SHP02283,Mumbai,Delhi,Long,Textiles,18.0,1376.7,52603,2025-10-16,Trident Carriers
SHP02284,Mumbai,Pune,Short,Steel Coils,19.0,149.7,11825,2025-10-24,Speedway Logistics
SHP02285,Mumbai,Pune,Short,FMCG Cartons,9.6,151.3,5806,2025-10-21,Trident Carriers
SHP02286,Mumbai,Pune,Short,Cement,13.6,152.5,8386,2025-10-25,Om Sai Transport
SHP02287,Mumbai,Pune,Short,Steel Coils,21.3,149.3,13097,2025-10-21,Speedway Logistics
SHP02288,Delhi,Jaipur,Short,Textiles,20.3,279.3,18379,2025-10-21,Shivam Freight Co
SHP02289,Delhi,Jaipur,Short,Cement,11.1,277.6,10282,2025-10-22,Bharat Roadways
SHP02290,Delhi,Jaipur,Short,Packaged Foods,14.3,282.1,13451,2025-10-24,Speedway Logistics
SHP02291,Delhi,Jaipur,Short,Packaged Foods,13.2,282.5,12065,2025-10-20,Speedway Logistics
SHP02292,Chennai,Bangalore,Medium,Steel Coils,19.6,350.9,19811,2025-10-20,Bharat Roadways
SHP02293,Chennai,Bangalore,Medium,Textiles,10.0,350.9,10036,2025-10-23,Om Sai Transport
SHP02294,Chennai,Bangalore,Medium,Steel Coils,17.0,347.0,16672,2025-10-25,Om Sai Transport
SHP02295,Kolkata,Bhubaneswar,Medium,Auto Parts,17.3,448.5,20930,2025-10-21,Shivam Freight Co
SHP02296,Kolkata,Bhubaneswar,Medium,Steel Coils,11.9,446.7,14174,2025-10-25,Om Sai Transport
SHP02297,Kolkata,Bhubaneswar,Medium,Auto Parts,20.5,448.8,24653,2025-10-20,Trident Carriers
SHP02298,Kolkata,Bhubaneswar,Medium,Steel Coils,15.0,433.7,17793,2025-10-24,Om Sai Transport
SHP02299,Kolkata,Bhubaneswar,Medium,Auto Parts,17.1,433.4,19666,2025-10-23,Om Sai Transport
SHP02300,Ahmedabad,Mumbai,Medium,Packaged Foods,14.0,528.8,20218,2025-10-22,Om Sai Transport
SHP02301,Ahmedabad,Mumbai,Medium,Steel Coils,15.9,522.2,22514,2025-10-25,Shivam Freight Co
SHP02302,Ahmedabad,Mumbai,Medium,FMCG Cartons,20.4,523.5,29687,2025-10-24,Om Sai Transport
SHP02303,Ahmedabad,Mumbai,Medium,FMCG Cartons,18.9,531.0,27481,2025-10-25,Speedway Logistics
SHP02304,Mumbai,Delhi,Long,Textiles,17.5,1378.1,50292,2025-10-26,Om Sai Transport
SHP02305,Mumbai,Delhi,Long,Packaged Foods,11.8,1374.8,34346,2025-10-21,Om Sai Transport
SHP02306,Mumbai,Delhi,Long,Packaged Foods,14.6,1424.5,45064,2025-10-20,Speedway Logistics
SHP02307,Mumbai,Delhi,Long,Packaged Foods,17.7,1393.6,51355,2025-10-25,Shivam Freight Co
SHP02308,Mumbai,Pune,Short,Auto Parts,19.4,150.5,11794,2025-10-29,Speedway Logistics
SHP02309,Mumbai,Pune,Short,Textiles,10.7,152.2,6893,2025-10-29,Shivam Freight Co
SHP02310,Mumbai,Pune,Short,Cement,17.2,150.2,10362,2025-10-27,Bharat Roadways
SHP02311,Delhi,Jaipur,Short,FMCG Cartons,9.7,284.1,8884,2025-10-29,Speedway Logistics
SHP02312,Delhi,Jaipur,Short,FMCG Cartons,21.5,282.7,18966,2025-10-27,Shivam Freight Co
SHP02313,Delhi,Jaipur,Short,FMCG Cartons,16.6,284.6,15208,2025-10-30,Speedway Logistics
SHP02314,Chennai,Bangalore,Medium,Auto Parts,11.1,354.2,11328,2025-10-28,Bharat Roadways
SHP02315,Chennai,Bangalore,Medium,Packaged Foods,17.0,350.5,16441,2025-10-31,Om Sai Transport
SHP02316,Chennai,Bangalore,Medium,Cement,12.7,352.8,12885,2025-10-28,Speedway Logistics
SHP02317,Chennai,Bangalore,Medium,Auto Parts,10.3,355.7,10035,2025-10-30,Om Sai Transport
SHP02318,Kolkata,Bhubaneswar,Medium,Textiles,17.9,431.6,21126,2025-10-30,Shivam Freight Co
SHP02319,Kolkata,Bhubaneswar,Medium,Textiles,20.6,434.4,24690,2025-11-01,Trident Carriers
SHP02320,Kolkata,Bhubaneswar,Medium,Steel Coils,21.8,446.8,26742,2025-10-27,Speedway Logistics
SHP02321,Kolkata,Bhubaneswar,Medium,Packaged Foods,17.8,442.2,21649,2025-10-27,Speedway Logistics
SHP02322,Ahmedabad,Mumbai,Medium,Auto Parts,21.3,534.5,29573,2025-10-31,Bharat Roadways
SHP02323,Ahmedabad,Mumbai,Medium,FMCG Cartons,16.7,532.6,24396,2025-10-29,Speedway Logistics
SHP02324,Ahmedabad,Mumbai,Medium,Auto Parts,21.8,530.3,31547,2025-10-27,Trident Carriers
SHP02325,Ahmedabad,Mumbai,Medium,FMCG Cartons,9.7,538.6,13701,2025-10-29,Om Sai Transport
SHP02326,Ahmedabad,Mumbai,Medium,Packaged Foods,13.4,540.5,19033,2025-11-02,Om Sai Transport
SHP02327,Mumbai,Delhi,Long,Cement,10.7,1402.9,32428,2025-10-31,Shivam Freight Co
SHP02328,Mumbai,Delhi,Long,Auto Parts,13.9,1373.1,41054,2025-10-30,Bharat Roadways
SHP02329,Mumbai,Delhi,Long,Textiles,12.5,1410.9,36759,2025-10-29,Om Sai Transport
SHP02330,Mumbai,Delhi,Long,FMCG Cartons,13.4,1394.8,40293,2025-11-01,Shivam Freight Co
SHP02331,Mumbai,Delhi,Long,Packaged Foods,12.7,1382.8,35958,2025-10-30,Bharat Roadways
SHP02332,Mumbai,Pune,Short,Cement,20.6,152.2,12961,2025-11-04,Speedway Logistics
SHP02333,Mumbai,Pune,Short,Steel Coils,13.9,147.4,8538,2025-11-09,Bharat Roadways
SHP02334,Mumbai,Pune,Short,FMCG Cartons,9.1,152.2,5722,2025-11-09,Shivam Freight Co
SHP02335,Mumbai,Pune,Short,Packaged Foods,16.6,147.4,10704,2025-11-06,Trident Carriers
SHP02336,Mumbai,Pune,Short,Steel Coils,10.4,151.7,6562,2025-11-08,Speedway Logistics
SHP02337,Delhi,Jaipur,Short,Packaged Foods,18.3,276.5,16773,2025-11-06,Speedway Logistics
SHP02338,Delhi,Jaipur,Short,Textiles,18.3,276.8,17096,2025-11-08,Speedway Logistics
SHP02339,Delhi,Jaipur,Short,Packaged Foods,11.6,279.7,11348,2025-11-07,Speedway Logistics
SHP02340,Delhi,Jaipur,Short,Cement,18.5,279.7,17680,2025-11-09,Om Sai Transport
SHP02341,Delhi,Jaipur,Short,FMCG Cartons,9.1,276.5,8384,2025-11-04,Speedway Logistics
SHP02342,Chennai,Bangalore,Medium,Steel Coils,10.6,345.7,10717,2025-11-04,Trident Carriers
SHP02343,Chennai,Bangalore,Medium,Textiles,12.0,353.6,12140,2025-11-09,Trident Carriers
SHP02344,Chennai,Bangalore,Medium,FMCG Cartons,15.6,351.4,15580,2025-11-06,Trident Carriers
SHP02345,Chennai,Bangalore,Medium,FMCG Cartons,15.9,353.3,16324,2025-11-08,Trident Carriers
SHP02346,Chennai,Bangalore,Medium,Packaged Foods,9.8,353.6,9716,2025-11-05,Bharat Roadways
SHP02347,Kolkata,Bhubaneswar,Medium,Cement,17.8,438.8,22492,2025-11-06,Bharat Roadways
SHP02348,Kolkata,Bhubaneswar,Medium,Packaged Foods,19.0,436.8,23921,2025-11-08,Shivam Freight Co
SHP02349,Kolkata,Bhubaneswar,Medium,FMCG Cartons,9.9,443.1,12161,2025-11-09,Om Sai Transport
SHP02350,Kolkata,Bhubaneswar,Medium,Auto Parts,19.5,437.5,23806,2025-11-05,Trident Carriers
SHP02351,Kolkata,Bhubaneswar,Medium,Cement,18.7,440.8,22804,2025-11-04,Trident Carriers
SHP02352,Ahmedabad,Mumbai,Medium,Auto Parts,21.0,529.2,30577,2025-11-06,Om Sai Transport
SHP02353,Ahmedabad,Mumbai,Medium,Cement,10.8,529.0,15631,2025-11-06,Speedway Logistics
SHP02354,Ahmedabad,Mumbai,Medium,Auto Parts,14.0,536.1,20680,2025-11-04,Trident Carriers
SHP02355,Ahmedabad,Mumbai,Medium,Steel Coils,19.3,519.7,27298,2025-11-04,Shivam Freight Co
SHP02356,Mumbai,Delhi,Long,Cement,15.1,1372.9,43423,2025-11-04,Om Sai Transport
SHP02357,Mumbai,Delhi,Long,FMCG Cartons,12.9,1394.0,39235,2025-11-07,Speedway Logistics
SHP02358,Mumbai,Delhi,Long,Steel Coils,16.9,1382.6,49622,2025-11-06,Om Sai Transport
SHP02359,Mumbai,Pune,Short,Textiles,9.9,152.8,6005,2025-11-13,Trident Carriers
SHP02360,Mumbai,Pune,Short,Auto Parts,15.7,147.8,9308,2025-11-11,Om Sai Transport
SHP02361,Mumbai,Pune,Short,FMCG Cartons,13.0,147.1,7516,2025-11-15,Shivam Freight Co
SHP02362,Mumbai,Pune,Short,FMCG Cartons,10.6,149.6,6221,2025-11-12,Trident Carriers
SHP02363,Mumbai,Pune,Short,Cement,20.2,151.8,12208,2025-11-13,Bharat Roadways
SHP02364,Delhi,Jaipur,Short,FMCG Cartons,21.3,277.2,19417,2025-11-16,Om Sai Transport
SHP02365,Delhi,Jaipur,Short,Packaged Foods,16.2,283.2,14988,2025-11-12,Speedway Logistics
SHP02366,Delhi,Jaipur,Short,Steel Coils,21.6,284.5,20321,2025-11-14,Shivam Freight Co
SHP02367,Delhi,Jaipur,Short,Auto Parts,19.6,281.2,17653,2025-11-14,Bharat Roadways
SHP02368,Chennai,Bangalore,Medium,Textiles,18.8,344.3,18679,2025-11-10,Om Sai Transport
SHP02369,Chennai,Bangalore,Medium,FMCG Cartons,20.7,349.5,21280,2025-11-15,Bharat Roadways
SHP02370,Chennai,Bangalore,Medium,Packaged Foods,19.1,349.3,19445,2025-11-12,Speedway Logistics
SHP02371,Chennai,Bangalore,Medium,Packaged Foods,19.1,348.1,19015,2025-11-11,Bharat Roadways
SHP02372,Kolkata,Bhubaneswar,Medium,Auto Parts,16.3,442.1,19966,2025-11-12,Trident Carriers
SHP02373,Kolkata,Bhubaneswar,Medium,Steel Coils,16.0,441.8,19632,2025-11-15,Shivam Freight Co
SHP02374,Kolkata,Bhubaneswar,Medium,Textiles,12.8,441.8,15000,2025-11-11,Shivam Freight Co
SHP02375,Kolkata,Bhubaneswar,Medium,Cement,19.3,436.2,22829,2025-11-16,Trident Carriers
SHP02376,Ahmedabad,Mumbai,Medium,Cement,9.4,525.7,13154,2025-11-13,Trident Carriers
SHP02377,Ahmedabad,Mumbai,Medium,Auto Parts,20.8,529.3,28440,2025-11-15,Shivam Freight Co
SHP02378,Ahmedabad,Mumbai,Medium,Auto Parts,14.8,522.7,20188,2025-11-12,Trident Carriers
SHP02379,Ahmedabad,Mumbai,Medium,Steel Coils,16.9,523.6,23051,2025-11-14,Trident Carriers
SHP02380,Mumbai,Delhi,Long,Packaged Foods,16.2,1420.6,48122,2025-11-12,Om Sai Transport
SHP02381,Mumbai,Delhi,Long,Steel Coils,17.2,1402.8,51299,2025-11-13,Trident Carriers
SHP02382,Mumbai,Delhi,Long,Textiles,18.9,1406.3,56501,2025-11-12,Shivam Freight Co
SHP02383,Mumbai,Pune,Short,Cement,18.3,147.3,11407,2025-11-17,Speedway Logistics
SHP02384,Mumbai,Pune,Short,Cement,15.8,147.9,10379,2025-11-18,Trident Carriers
SHP02385,Mumbai,Pune,Short,Cement,13.4,152.8,8814,2025-11-23,Om Sai Transport
SHP02386,Delhi,Jaipur,Short,Textiles,17.3,280.3,15892,2025-11-18,Bharat Roadways
SHP02387,Delhi,Jaipur,Short,FMCG Cartons,14.8,283.5,13518,2025-11-23,Speedway Logistics
SHP02388,Delhi,Jaipur,Short,Packaged Foods,17.4,277.1,15956,2025-11-17,Speedway Logistics
SHP02389,Delhi,Jaipur,Short,Steel Coils,9.5,279.8,8902,2025-11-18,Shivam Freight Co
SHP02390,Chennai,Bangalore,Medium,FMCG Cartons,17.7,353.6,17149,2025-11-23,Om Sai Transport
SHP02391,Chennai,Bangalore,Medium,Cement,18.3,343.3,17635,2025-11-17,Speedway Logistics
SHP02392,Chennai,Bangalore,Medium,FMCG Cartons,11.7,351.3,11654,2025-11-17,Bharat Roadways
SHP02393,Chennai,Bangalore,Medium,Auto Parts,13.8,351.1,13997,2025-11-18,Speedway Logistics
SHP02394,Kolkata,Bhubaneswar,Medium,FMCG Cartons,18.7,447.3,22816,2025-11-21,Shivam Freight Co
SHP02395,Kolkata,Bhubaneswar,Medium,FMCG Cartons,19.9,438.0,24459,2025-11-19,Speedway Logistics
SHP02396,Kolkata,Bhubaneswar,Medium,Auto Parts,12.4,437.0,14635,2025-11-19,Bharat Roadways
SHP02397,Ahmedabad,Mumbai,Medium,Cement,15.7,533.2,22685,2025-11-18,Bharat Roadways
SHP02398,Ahmedabad,Mumbai,Medium,Steel Coils,10.4,527.6,15343,2025-11-18,Shivam Freight Co
SHP02399,Ahmedabad,Mumbai,Medium,Textiles,12.9,535.0,19023,2025-11-18,Trident Carriers
SHP02400,Ahmedabad,Mumbai,Medium,FMCG Cartons,9.7,527.1,14040,2025-11-21,Speedway Logistics
SHP02401,Mumbai,Delhi,Long,Auto Parts,19.8,1372.7,58039,2025-11-18,Om Sai Transport
SHP02402,Mumbai,Delhi,Long,Steel Coils,15.0,1412.3,43990,2025-11-23,Om Sai Transport
SHP02403,Mumbai,Delhi,Long,Steel Coils,16.8,1398.9,49993,2025-11-22,Bharat Roadways
SHP02404,Mumbai,Delhi,Long,Cement,20.5,1406.5,61543,2025-11-21,Bharat Roadways
SHP02405,Mumbai,Delhi,Long,Packaged Foods,21.1,1425.0,62107,2025-11-20,Shivam Freight Co
SHP02406,Mumbai,Pune,Short,FMCG Cartons,17.4,149.2,10949,2025-11-29,Bharat Roadways
SHP02407,Mumbai,Pune,Short,Cement,17.5,148.7,10544,2025-11-24,Trident Carriers
SHP02408,Mumbai,Pune,Short,Steel Coils,14.9,147.9,9273,2025-11-30,Bharat Roadways
SHP02409,Delhi,Jaipur,Short,Steel Coils,9.4,282.0,9110,2025-11-27,Bharat Roadways
SHP02410,Delhi,Jaipur,Short,Packaged Foods,18.4,275.7,16950,2025-11-28,Shivam Freight Co
SHP02411,Delhi,Jaipur,Short,Packaged Foods,9.3,277.5,8679,2025-11-24,Speedway Logistics
SHP02412,Delhi,Jaipur,Short,Auto Parts,14.2,276.8,13071,2025-11-24,Om Sai Transport
SHP02413,Delhi,Jaipur,Short,Cement,14.4,283.7,14075,2025-11-28,Bharat Roadways
SHP02414,Chennai,Bangalore,Medium,FMCG Cartons,11.6,353.1,11753,2025-11-29,Speedway Logistics
SHP02415,Chennai,Bangalore,Medium,Cement,14.8,346.3,14469,2025-11-29,Shivam Freight Co
SHP02416,Chennai,Bangalore,Medium,Steel Coils,14.7,354.7,15585,2025-11-27,Bharat Roadways
SHP02417,Chennai,Bangalore,Medium,Auto Parts,10.1,347.0,10118,2025-11-30,Shivam Freight Co
SHP02418,Kolkata,Bhubaneswar,Medium,Packaged Foods,18.4,447.1,22498,2025-11-26,Trident Carriers
SHP02419,Kolkata,Bhubaneswar,Medium,FMCG Cartons,16.5,438.4,19582,2025-11-26,Speedway Logistics
SHP02420,Kolkata,Bhubaneswar,Medium,Auto Parts,18.8,445.5,22841,2025-11-28,Trident Carriers
SHP02421,Ahmedabad,Mumbai,Medium,Auto Parts,10.8,524.8,15191,2025-11-29,Om Sai Transport
SHP02422,Ahmedabad,Mumbai,Medium,FMCG Cartons,20.2,535.4,27697,2025-11-24,Shivam Freight Co
SHP02423,Ahmedabad,Mumbai,Medium,Textiles,21.8,538.9,30050,2025-11-26,Speedway Logistics
SHP02424,Ahmedabad,Mumbai,Medium,Steel Coils,16.5,537.4,23838,2025-11-30,Om Sai Transport
SHP02425,Mumbai,Delhi,Long,Cement,21.9,1421.3,69571,2025-11-28,Shivam Freight Co
SHP02426,Mumbai,Delhi,Long,Packaged Foods,21.1,1372.2,65181,2025-11-25,Speedway Logistics
SHP02427,Mumbai,Delhi,Long,Packaged Foods,19.2,1410.3,60323,2025-11-26,Trident Carriers
SHP02428,Mumbai,Pune,Short,Packaged Foods,19.7,150.1,12871,2025-12-03,Om Sai Transport
SHP02429,Mumbai,Pune,Short,Auto Parts,21.8,151.1,14344,2025-12-06,Speedway Logistics
SHP02430,Mumbai,Pune,Short,Textiles,20.6,152.0,13604,2025-12-01,Bharat Roadways
SHP02431,Mumbai,Pune,Short,Steel Coils,20.9,150.0,14042,2025-12-03,Om Sai Transport
SHP02432,Mumbai,Pune,Short,Steel Coils,11.7,148.8,7772,2025-12-07,Bharat Roadways
SHP02433,Delhi,Jaipur,Short,Cement,11.4,275.8,10109,2025-12-01,Trident Carriers
SHP02434,Delhi,Jaipur,Short,Auto Parts,10.5,279.5,9530,2025-12-06,Bharat Roadways
SHP02435,Delhi,Jaipur,Short,FMCG Cartons,12.9,282.2,11436,2025-12-02,Om Sai Transport
SHP02436,Chennai,Bangalore,Medium,Cement,17.0,349.7,16665,2025-12-04,Om Sai Transport
SHP02437,Chennai,Bangalore,Medium,Auto Parts,9.4,347.5,9529,2025-12-07,Shivam Freight Co
SHP02438,Chennai,Bangalore,Medium,Packaged Foods,14.5,353.8,14865,2025-12-03,Om Sai Transport
SHP02439,Chennai,Bangalore,Medium,Cement,13.9,356.9,14697,2025-12-07,Om Sai Transport
SHP02440,Chennai,Bangalore,Medium,Packaged Foods,10.2,346.5,10032,2025-12-07,Bharat Roadways
SHP02441,Kolkata,Bhubaneswar,Medium,FMCG Cartons,16.8,437.1,20007,2025-12-03,Shivam Freight Co
SHP02442,Kolkata,Bhubaneswar,Medium,Cement,20.1,444.9,23994,2025-12-04,Bharat Roadways
SHP02443,Kolkata,Bhubaneswar,Medium,Textiles,16.7,443.2,20415,2025-12-01,Om Sai Transport
SHP02444,Kolkata,Bhubaneswar,Medium,Auto Parts,11.4,432.4,13273,2025-12-05,Shivam Freight Co
SHP02445,Ahmedabad,Mumbai,Medium,Auto Parts,10.5,524.8,15177,2025-12-02,Trident Carriers
SHP02446,Ahmedabad,Mumbai,Medium,Cement,9.5,537.5,14135,2025-12-04,Speedway Logistics
SHP02447,Ahmedabad,Mumbai,Medium,Cement,10.0,539.9,14839,2025-12-02,Om Sai Transport
SHP02448,Ahmedabad,Mumbai,Medium,Auto Parts,19.5,535.8,29447,2025-12-07,Bharat Roadways
SHP02449,Ahmedabad,Mumbai,Medium,Auto Parts,11.9,525.8,17594,2025-12-05,Speedway Logistics
SHP02450,Mumbai,Delhi,Long,Steel Coils,20.9,1411.2,62281,2025-12-02,Shivam Freight Co
SHP02451,Mumbai,Delhi,Long,Auto Parts,14.7,1403.5,44277,2025-12-06,Bharat Roadways
SHP02452,Mumbai,Delhi,Long,Cement,20.7,1411.7,62719,2025-12-05,Om Sai Transport
SHP02453,Mumbai,Delhi,Long,Cement,12.6,1398.5,38252,2025-12-04,Bharat Roadways
SHP02454,Mumbai,Delhi,Long,Auto Parts,20.4,1376.9,61367,2025-12-04,Shivam Freight Co
SHP02455,Mumbai,Pune,Short,Steel Coils,10.6,152.3,7051,2025-12-12,Speedway Logistics
SHP02456,Mumbai,Pune,Short,Auto Parts,22.0,149.7,14571,2025-12-10,Bharat Roadways
SHP02457,Mumbai,Pune,Short,Textiles,17.5,152.8,11980,2025-12-08,Bharat Roadways
SHP02458,Delhi,Jaipur,Short,Cement,18.7,277.8,16555,2025-12-10,Shivam Freight Co
SHP02459,Delhi,Jaipur,Short,Textiles,10.5,283.2,9634,2025-12-12,Bharat Roadways
SHP02460,Delhi,Jaipur,Short,Auto Parts,19.5,277.8,17189,2025-12-09,Speedway Logistics
SHP02461,Chennai,Bangalore,Medium,Packaged Foods,11.8,349.7,11730,2025-12-12,Shivam Freight Co
SHP02462,Chennai,Bangalore,Medium,Textiles,9.9,355.0,10293,2025-12-14,Speedway Logistics
SHP02463,Chennai,Bangalore,Medium,Textiles,9.9,355.1,10202,2025-12-08,Speedway Logistics
SHP02464,Kolkata,Bhubaneswar,Medium,FMCG Cartons,17.1,438.5,21423,2025-12-14,Om Sai Transport
SHP02465,Kolkata,Bhubaneswar,Medium,Auto Parts,14.6,432.3,17962,2025-12-14,Bharat Roadways
SHP02466,Kolkata,Bhubaneswar,Medium,Textiles,18.4,434.6,22094,2025-12-11,Speedway Logistics
SHP02467,Ahmedabad,Mumbai,Medium,Packaged Foods,21.3,529.6,31503,2025-12-11,Speedway Logistics
SHP02468,Ahmedabad,Mumbai,Medium,Auto Parts,15.8,524.5,23126,2025-12-08,Shivam Freight Co
SHP02469,Ahmedabad,Mumbai,Medium,Steel Coils,9.9,520.1,14013,2025-12-14,Bharat Roadways
SHP02470,Ahmedabad,Mumbai,Medium,FMCG Cartons,14.1,527.2,20704,2025-12-14,Trident Carriers
SHP02471,Ahmedabad,Mumbai,Medium,Auto Parts,16.9,537.1,25972,2025-12-14,Shivam Freight Co
SHP02472,Mumbai,Delhi,Long,Textiles,17.9,1420.8,55402,2025-12-13,Shivam Freight Co
SHP02473,Mumbai,Delhi,Long,Packaged Foods,16.5,1409.0,49967,2025-12-08,Om Sai Transport
SHP02474,Mumbai,Delhi,Long,FMCG Cartons,15.9,1426.6,49182,2025-12-08,Trident Carriers
SHP02475,Mumbai,Delhi,Long,FMCG Cartons,20.4,1424.3,62917,2025-12-09,Trident Carriers
SHP02476,Mumbai,Pune,Short,Packaged Foods,13.0,149.1,8656,2025-12-19,Om Sai Transport
SHP02477,Mumbai,Pune,Short,Textiles,16.8,148.7,11054,2025-12-16,Speedway Logistics
SHP02478,Mumbai,Pune,Short,FMCG Cartons,17.9,151.8,11681,2025-12-20,Shivam Freight Co
SHP02479,Delhi,Jaipur,Short,Packaged Foods,16.6,283.3,14934,2025-12-20,Trident Carriers
SHP02480,Delhi,Jaipur,Short,FMCG Cartons,11.7,281.6,10857,2025-12-21,Speedway Logistics
SHP02481,Delhi,Jaipur,Short,Auto Parts,19.5,284.3,17822,2025-12-18,Trident Carriers
SHP02482,Delhi,Jaipur,Short,Textiles,15.0,284.8,13705,2025-12-17,Bharat Roadways
SHP02483,Delhi,Jaipur,Short,Cement,21.6,277.2,19758,2025-12-18,Bharat Roadways
SHP02484,Chennai,Bangalore,Medium,Textiles,15.4,346.6,16066,2025-12-19,Trident Carriers
SHP02485,Chennai,Bangalore,Medium,Packaged Foods,14.5,350.2,14686,2025-12-18,Om Sai Transport
SHP02486,Chennai,Bangalore,Medium,Steel Coils,15.2,351.3,15558,2025-12-15,Speedway Logistics
SHP02487,Kolkata,Bhubaneswar,Medium,Cement,9.7,445.3,12017,2025-12-17,Shivam Freight Co
SHP02488,Kolkata,Bhubaneswar,Medium,Packaged Foods,10.7,440.6,12537,2025-12-20,Om Sai Transport
SHP02489,Kolkata,Bhubaneswar,Medium,Cement,20.6,434.8,24509,2025-12-15,Trident Carriers
SHP02490,Ahmedabad,Mumbai,Medium,Textiles,12.1,525.4,17192,2025-12-19,Trident Carriers
SHP02491,Ahmedabad,Mumbai,Medium,Textiles,13.6,539.1,19847,2025-12-15,Shivam Freight Co
SHP02492,Ahmedabad,Mumbai,Medium,Auto Parts,11.9,526.1,17535,2025-12-21,Speedway Logistics
SHP02493,Ahmedabad,Mumbai,Medium,Packaged Foods,9.2,530.9,13160,2025-12-19,Shivam Freight Co
SHP02494,Ahmedabad,Mumbai,Medium,Steel Coils,12.5,540.1,18554,2025-12-15,Om Sai Transport
SHP02495,Mumbai,Delhi,Long,Cement,20.6,1406.1,63188,2025-12-17,Bharat Roadways
SHP02496,Mumbai,Delhi,Long,Auto Parts,13.0,1385.4,38512,2025-12-19,Om Sai Transport
SHP02497,Mumbai,Delhi,Long,Auto Parts,10.3,1383.9,29574,2025-12-20,Om Sai Transport
SHP02498,Mumbai,Pune,Short,FMCG Cartons,17.0,149.3,11291,2025-12-26,Speedway Logistics
SHP02499,Mumbai,Pune,Short,FMCG Cartons,15.4,152.3,10692,2025-12-26,Trident Carriers
SHP02500,Mumbai,Pune,Short,Textiles,15.6,147.1,10214,2025-12-25,Speedway Logistics
SHP02501,Delhi,Jaipur,Short,Auto Parts,19.9,275.3,17683,2025-12-23,Speedway Logistics
SHP02502,Delhi,Jaipur,Short,FMCG Cartons,13.6,276.8,11855,2025-12-27,Speedway Logistics
SHP02503,Delhi,Jaipur,Short,Textiles,20.4,278.6,18646,2025-12-27,Speedway Logistics
SHP02504,Delhi,Jaipur,Short,Auto Parts,9.8,281.6,8923,2025-12-22,Shivam Freight Co
SHP02505,Chennai,Bangalore,Medium,Cement,14.7,343.3,14234,2025-12-25,Om Sai Transport
SHP02506,Chennai,Bangalore,Medium,Auto Parts,12.0,346.6,11676,2025-12-24,Speedway Logistics
SHP02507,Chennai,Bangalore,Medium,Textiles,20.1,345.4,19817,2025-12-26,Speedway Logistics
SHP02508,Chennai,Bangalore,Medium,Steel Coils,21.7,354.8,21610,2025-12-28,Bharat Roadways
SHP02509,Kolkata,Bhubaneswar,Medium,Textiles,18.0,432.8,21586,2025-12-22,Trident Carriers
SHP02510,Kolkata,Bhubaneswar,Medium,Steel Coils,12.8,439.2,16353,2025-12-24,Speedway Logistics
SHP02511,Kolkata,Bhubaneswar,Medium,Cement,11.2,438.4,13619,2025-12-28,Shivam Freight Co
SHP02512,Kolkata,Bhubaneswar,Medium,Packaged Foods,17.5,432.1,21901,2025-12-28,Speedway Logistics
SHP02513,Kolkata,Bhubaneswar,Medium,Steel Coils,15.1,436.3,18675,2025-12-23,Bharat Roadways
SHP02514,Ahmedabad,Mumbai,Medium,Steel Coils,19.0,521.0,26603,2025-12-28,Shivam Freight Co
SHP02515,Ahmedabad,Mumbai,Medium,Steel Coils,15.0,522.0,21672,2025-12-27,Speedway Logistics
SHP02516,Ahmedabad,Mumbai,Medium,Steel Coils,11.4,530.7,16771,2025-12-24,Trident Carriers
SHP02517,Mumbai,Delhi,Long,Cement,20.6,1400.1,63835,2025-12-23,Om Sai Transport
SHP02518,Mumbai,Delhi,Long,FMCG Cartons,10.7,1380.7,33622,2025-12-28,Shivam Freight Co
SHP02519,Mumbai,Delhi,Long,Cement,15.0,1415.9,47180,2025-12-27,Speedway Logistics
SHP02520,Mumbai,Delhi,Long,Steel Coils,16.9,1381.1,50563,2025-12-25,Bharat Roadways
SHP02521,Mumbai,Delhi,Long,Auto Parts,15.9,1388.1,49132,2025-12-28,Shivam Freight Co
SHP02522,Delhi,Chennai,Long,Steel Coils,10.8,2167.1,45243,2024-01-03,Coromandel Carriers
SHP02523,Delhi,Chennai,Long,Steel Coils,9.4,2191.3,39796,2024-01-01,Om Sai Transport
SHP02524,Delhi,Chennai,Long,Packaged Foods,11.6,2151.9,49877,2024-01-05,Trident Carriers
SHP02525,Delhi,Chennai,Long,Packaged Foods,9.1,2206.7,42682,2024-01-10,Coromandel Carriers
SHP02526,Delhi,Chennai,Long,Auto Parts,11.8,2169.5,54277,2024-01-10,Bharat Roadways
SHP02527,Delhi,Chennai,Long,Textiles,20.0,2156.8,90594,2024-01-11,Bharat Roadways
SHP02528,Delhi,Chennai,Long,FMCG Cartons,21.7,2187.5,98355,2024-01-11,Trident Carriers
SHP02529,Delhi,Chennai,Long,Cement,17.6,2154.9,81701,2024-01-20,Bharat Roadways
SHP02530,Delhi,Chennai,Long,Cement,12.6,2157.1,58076,2024-01-21,Shivam Freight Co
SHP02531,Delhi,Chennai,Long,Textiles,17.7,2174.9,82579,2024-01-17,Coromandel Carriers
SHP02532,Delhi,Chennai,Long,Packaged Foods,11.2,2192.6,52764,2024-01-15,Om Sai Transport
SHP02533,Delhi,Chennai,Long,Cement,11.9,2198.2,52853,2024-01-27,Bharat Roadways
SHP02534,Delhi,Chennai,Long,Steel Coils,13.1,2152.2,56770,2024-01-28,Om Sai Transport
SHP02535,Delhi,Chennai,Long,Packaged Foods,17.5,2172.0,77131,2024-01-27,Coromandel Carriers
SHP02536,Delhi,Chennai,Long,Textiles,12.2,2168.5,54222,2024-01-23,Shivam Freight Co
SHP02537,Delhi,Chennai,Long,Steel Coils,16.6,2180.0,73285,2024-01-26,Om Sai Transport
SHP02538,Delhi,Chennai,Long,Packaged Foods,11.0,2210.3,47561,2024-01-29,Coromandel Carriers
SHP02539,Delhi,Chennai,Long,FMCG Cartons,14.0,2154.4,62023,2024-02-02,Trident Carriers
SHP02540,Delhi,Chennai,Long,Steel Coils,9.1,2210.3,40697,2024-02-02,Coromandel Carriers
SHP02541,Delhi,Chennai,Long,Cement,17.3,2168.7,73175,2024-02-04,Speedway Logistics
SHP02542,Delhi,Chennai,Long,Cement,18.4,2150.2,80046,2024-02-01,Trident Carriers
SHP02543,Delhi,Chennai,Long,Cement,15.6,2208.9,74216,2024-02-07,Shivam Freight Co
SHP02544,Delhi,Chennai,Long,FMCG Cartons,21.0,2216.7,104667,2024-02-09,Trident Carriers
SHP02545,Delhi,Chennai,Long,Cement,21.1,2151.4,101830,2024-02-08,Shivam Freight Co
SHP02546,Delhi,Chennai,Long,Steel Coils,10.1,2216.3,45508,2024-02-16,Bharat Roadways
SHP02547,Delhi,Chennai,Long,FMCG Cartons,17.6,2158.8,79381,2024-02-18,Om Sai Transport
SHP02548,Delhi,Chennai,Long,Textiles,14.5,2211.1,64106,2024-02-16,Trident Carriers
SHP02549,Delhi,Chennai,Long,Packaged Foods,17.4,2219.7,82872,2024-02-22,Trident Carriers
SHP02550,Delhi,Chennai,Long,Cement,9.8,2167.4,44430,2024-02-19,Trident Carriers
SHP02551,Delhi,Chennai,Long,Auto Parts,9.9,2165.4,46532,2024-02-23,Om Sai Transport
SHP02552,Delhi,Chennai,Long,Packaged Foods,9.9,2210.2,46383,2024-02-19,Coromandel Carriers
SHP02553,Delhi,Chennai,Long,Packaged Foods,16.4,2215.5,76535,2024-03-02,Speedway Logistics
SHP02554,Delhi,Chennai,Long,Packaged Foods,17.6,2156.6,79383,2024-02-27,Speedway Logistics
SHP02555,Delhi,Chennai,Long,Auto Parts,17.8,2201.0,85062,2024-03-03,Bharat Roadways
SHP02556,Delhi,Chennai,Long,Cement,19.4,2201.0,87979,2024-02-29,Om Sai Transport
SHP02557,Delhi,Chennai,Long,Steel Coils,12.2,2169.5,54533,2024-03-05,Speedway Logistics
SHP02558,Delhi,Chennai,Long,Cement,22.0,2153.5,97115,2024-03-04,Bharat Roadways
SHP02559,Delhi,Chennai,Long,Cement,15.3,2178.4,68435,2024-03-05,Bharat Roadways
SHP02560,Delhi,Chennai,Long,FMCG Cartons,14.1,2150.2,62477,2024-03-07,Speedway Logistics
SHP02561,Delhi,Chennai,Long,Textiles,18.5,2198.8,83125,2024-03-07,Coromandel Carriers
SHP02562,Delhi,Chennai,Long,Textiles,9.8,2165.2,43318,2024-03-13,Bharat Roadways
SHP02563,Delhi,Chennai,Long,Cement,16.6,2154.0,71990,2024-03-13,Trident Carriers
SHP02564,Delhi,Chennai,Long,Auto Parts,10.0,2217.3,43793,2024-03-11,Trident Carriers
SHP02565,Delhi,Chennai,Long,Cement,14.2,2210.3,64855,2024-03-16,Trident Carriers
SHP02566,Delhi,Chennai,Long,Steel Coils,17.1,2191.6,75075,2024-03-15,Trident Carriers
SHP02567,Delhi,Chennai,Long,Textiles,13.1,2196.9,62695,2024-03-19,Om Sai Transport
SHP02568,Delhi,Chennai,Long,Auto Parts,13.1,2171.0,63789,2024-03-23,Bharat Roadways
SHP02569,Delhi,Chennai,Long,Cement,16.3,2193.5,77104,2024-03-21,Trident Carriers
SHP02570,Delhi,Chennai,Long,FMCG Cartons,21.1,2168.6,103414,2024-03-22,Om Sai Transport
SHP02571,Delhi,Chennai,Long,Steel Coils,12.9,2188.0,58489,2024-03-31,Coromandel Carriers
SHP02572,Delhi,Chennai,Long,Cement,16.2,2196.8,73522,2024-03-25,Bharat Roadways
SHP02573,Delhi,Chennai,Long,FMCG Cartons,10.4,2158.1,45341,2024-03-27,Shivam Freight Co
SHP02574,Delhi,Chennai,Long,Steel Coils,13.5,2164.7,59511,2024-03-29,Shivam Freight Co
SHP02575,Delhi,Chennai,Long,Auto Parts,17.2,2153.6,76956,2024-04-07,Bharat Roadways
SHP02576,Delhi,Chennai,Long,Packaged Foods,17.3,2204.0,76570,2024-04-03,Coromandel Carriers
SHP02577,Delhi,Chennai,Long,Cement,16.3,2199.4,71336,2024-04-05,Coromandel Carriers
SHP02578,Delhi,Chennai,Long,Cement,13.8,2152.5,60707,2024-04-05,Speedway Logistics
SHP02579,Delhi,Chennai,Long,FMCG Cartons,20.7,2171.6,93207,2024-04-01,Bharat Roadways
SHP02580,Delhi,Chennai,Long,Steel Coils,19.1,2157.2,90454,2024-04-13,Speedway Logistics
SHP02581,Delhi,Chennai,Long,Packaged Foods,21.1,2160.8,99977,2024-04-13,Om Sai Transport
SHP02582,Delhi,Chennai,Long,Textiles,21.0,2162.6,99106,2024-04-08,Speedway Logistics
SHP02583,Delhi,Chennai,Long,Auto Parts,12.2,2201.5,56456,2024-04-14,Coromandel Carriers
SHP02584,Delhi,Chennai,Long,FMCG Cartons,11.6,2182.9,56945,2024-04-21,Shivam Freight Co
SHP02585,Delhi,Chennai,Long,Packaged Foods,12.0,2205.7,56406,2024-04-21,Om Sai Transport
SHP02586,Delhi,Chennai,Long,Textiles,9.9,2169.5,47891,2024-04-17,Shivam Freight Co
SHP02587,Delhi,Chennai,Long,Auto Parts,21.8,2178.0,104388,2024-04-19,Bharat Roadways
SHP02588,Delhi,Chennai,Long,Steel Coils,21.5,2162.5,100562,2024-04-17,Bharat Roadways
SHP02589,Delhi,Chennai,Long,Steel Coils,16.9,2172.0,75709,2024-04-28,Speedway Logistics
SHP02590,Delhi,Chennai,Long,Textiles,18.2,2167.8,78888,2024-04-23,Trident Carriers
SHP02591,Delhi,Chennai,Long,Auto Parts,18.6,2215.8,83402,2024-04-27,Speedway Logistics
SHP02592,Delhi,Chennai,Long,Textiles,17.1,2214.5,78815,2024-04-27,Bharat Roadways
SHP02593,Delhi,Chennai,Long,FMCG Cartons,17.7,2185.5,78899,2024-04-24,Coromandel Carriers
SHP02594,Delhi,Chennai,Long,Steel Coils,17.8,2215.8,81692,2024-05-04,Trident Carriers
SHP02595,Delhi,Chennai,Long,Packaged Foods,19.8,2178.4,86202,2024-05-01,Om Sai Transport
SHP02596,Delhi,Chennai,Long,Textiles,17.5,2190.6,77365,2024-05-05,Speedway Logistics
SHP02597,Delhi,Chennai,Long,Cement,19.3,2185.8,87668,2024-04-30,Coromandel Carriers
SHP02598,Delhi,Chennai,Long,Textiles,13.4,2194.3,61295,2024-05-11,Om Sai Transport
SHP02599,Delhi,Chennai,Long,Packaged Foods,11.6,2165.7,49921,2024-05-08,Om Sai Transport
SHP02600,Delhi,Chennai,Long,Steel Coils,9.9,2209.5,44514,2024-05-10,Coromandel Carriers
SHP02601,Delhi,Chennai,Long,Auto Parts,12.2,2184.6,57974,2024-05-16,Bharat Roadways
SHP02602,Delhi,Chennai,Long,Packaged Foods,11.3,2179.8,54541,2024-05-19,Trident Carriers
SHP02603,Delhi,Chennai,Long,Packaged Foods,20.9,2189.0,96353,2024-05-13,Om Sai Transport
SHP02604,Delhi,Chennai,Long,Steel Coils,16.3,2187.2,75987,2024-05-18,Speedway Logistics
SHP02605,Delhi,Chennai,Long,FMCG Cartons,11.1,2181.2,54007,2024-05-24,Speedway Logistics
SHP02606,Delhi,Chennai,Long,Packaged Foods,17.3,2167.3,83167,2024-05-26,Trident Carriers
SHP02607,Delhi,Chennai,Long,FMCG Cartons,14.7,2166.7,70430,2024-05-25,Om Sai Transport
SHP02608,Delhi,Chennai,Long,Packaged Foods,16.0,2172.4,74242,2024-05-22,Om Sai Transport
SHP02609,Delhi,Chennai,Long,Steel Coils,11.8,2160.7,55382,2024-05-25,Shivam Freight Co
SHP02610,Delhi,Chennai,Long,Auto Parts,14.1,2208.3,65775,2024-05-28,Coromandel Carriers
SHP02611,Delhi,Chennai,Long,FMCG Cartons,16.5,2211.6,75753,2024-06-02,Shivam Freight Co
SHP02612,Delhi,Chennai,Long,Textiles,20.6,2177.3,95116,2024-06-02,Trident Carriers
SHP02613,Delhi,Chennai,Long,FMCG Cartons,16.8,2188.2,75138,2024-06-01,Om Sai Transport
SHP02614,Delhi,Chennai,Long,Textiles,14.1,2184.0,64663,2024-05-30,Speedway Logistics
SHP02615,Delhi,Chennai,Long,Steel Coils,15.9,2218.7,78992,2024-06-04,Trident Carriers
SHP02616,Delhi,Chennai,Long,Cement,17.4,2151.9,80054,2024-06-08,Speedway Logistics
SHP02617,Delhi,Chennai,Long,Packaged Foods,13.3,2168.2,62861,2024-06-03,Shivam Freight Co
SHP02618,Delhi,Chennai,Long,Packaged Foods,19.8,2202.6,93909,2024-06-05,Bharat Roadways
SHP02619,Delhi,Chennai,Long,Auto Parts,13.5,2220.0,65402,2024-06-10,Coromandel Carriers
SHP02620,Delhi,Chennai,Long,Cement,12.2,2152.2,57943,2024-06-16,Trident Carriers
SHP02621,Delhi,Chennai,Long,Packaged Foods,17.7,2158.8,82958,2024-06-11,Om Sai Transport
SHP02622,Delhi,Chennai,Long,FMCG Cartons,21.5,2192.4,103496,2024-06-18,Om Sai Transport
SHP02623,Delhi,Chennai,Long,Packaged Foods,21.1,2190.5,100625,2024-06-17,Speedway Logistics
SHP02624,Delhi,Chennai,Long,Auto Parts,16.7,2163.9,79872,2024-06-22,Om Sai Transport
SHP02625,Delhi,Chennai,Long,Steel Coils,20.1,2204.1,96593,2024-06-22,Bharat Roadways
SHP02626,Delhi,Chennai,Long,Packaged Foods,9.9,2196.3,45221,2024-06-27,Bharat Roadways
SHP02627,Delhi,Chennai,Long,Textiles,14.6,2184.3,65199,2024-06-30,Speedway Logistics
SHP02628,Delhi,Chennai,Long,Steel Coils,18.5,2180.5,85482,2024-06-25,Shivam Freight Co
SHP02629,Delhi,Chennai,Long,FMCG Cartons,12.5,2201.2,58752,2024-07-07,Bharat Roadways
SHP02630,Delhi,Chennai,Long,FMCG Cartons,15.0,2167.1,68426,2024-07-04,Speedway Logistics
SHP02631,Delhi,Chennai,Long,FMCG Cartons,13.2,2184.6,60257,2024-07-01,Shivam Freight Co
SHP02632,Delhi,Chennai,Long,Auto Parts,16.8,2169.6,77959,2024-07-03,Trident Carriers
SHP02633,Delhi,Chennai,Long,Steel Coils,10.1,2216.4,47430,2024-07-05,Speedway Logistics
SHP02634,Delhi,Chennai,Long,Cement,14.8,2199.8,67908,2024-07-13,Shivam Freight Co
SHP02635,Delhi,Chennai,Long,Steel Coils,13.0,2198.4,61689,2024-07-11,Speedway Logistics
SHP02636,Delhi,Chennai,Long,Textiles,22.0,2174.1,103051,2024-07-12,Shivam Freight Co
SHP02637,Delhi,Chennai,Long,FMCG Cartons,12.3,2169.0,56002,2024-07-11,Om Sai Transport
SHP02638,Delhi,Chennai,Long,Textiles,11.5,2198.3,55418,2024-07-21,Shivam Freight Co
SHP02639,Delhi,Chennai,Long,Cement,15.8,2218.4,74766,2024-07-19,Bharat Roadways
SHP02640,Delhi,Chennai,Long,Cement,11.3,2165.9,51353,2024-07-17,Trident Carriers
SHP02641,Delhi,Chennai,Long,Auto Parts,18.1,2188.7,76892,2024-07-22,Speedway Logistics
SHP02642,Delhi,Chennai,Long,Cement,12.7,2150.9,54167,2024-07-28,Shivam Freight Co
SHP02643,Delhi,Chennai,Long,Packaged Foods,20.2,2167.7,84926,2024-07-22,Bharat Roadways
SHP02644,Delhi,Chennai,Long,Steel Coils,17.2,2155.2,71629,2024-07-25,Om Sai Transport
SHP02645,Delhi,Chennai,Long,Cement,18.9,2158.3,81918,2024-07-30,Trident Carriers
SHP02646,Delhi,Chennai,Long,Packaged Foods,14.9,2186.6,64790,2024-08-04,Trident Carriers
SHP02647,Delhi,Chennai,Long,Cement,9.8,2189.8,44005,2024-07-31,Bharat Roadways
SHP02648,Delhi,Chennai,Long,Steel Coils,17.6,2164.8,74464,2024-08-03,Om Sai Transport
SHP02649,Delhi,Chennai,Long,FMCG Cartons,16.7,2181.5,72433,2024-08-08,Om Sai Transport
SHP02650,Delhi,Chennai,Long,FMCG Cartons,20.2,2169.8,85979,2024-08-10,Om Sai Transport
SHP02651,Delhi,Chennai,Long,Packaged Foods,16.7,2205.4,75508,2024-08-11,Om Sai Transport
SHP02652,Delhi,Chennai,Long,Cement,12.5,2160.4,55790,2024-08-17,Bharat Roadways
SHP02653,Delhi,Chennai,Long,Packaged Foods,18.7,2171.5,86087,2024-08-18,Shivam Freight Co
SHP02654,Delhi,Chennai,Long,Steel Coils,13.0,2182.8,59559,2024-08-12,Shivam Freight Co
SHP02655,Delhi,Chennai,Long,Auto Parts,14.6,2152.8,64813,2024-08-23,Shivam Freight Co
SHP02656,Delhi,Chennai,Long,Auto Parts,17.8,2166.0,82099,2024-08-19,Trident Carriers
SHP02657,Delhi,Chennai,Long,Packaged Foods,12.5,2197.1,55664,2024-08-25,Om Sai Transport
SHP02658,Delhi,Chennai,Long,Packaged Foods,20.9,2195.6,93817,2024-08-23,Trident Carriers
SHP02659,Delhi,Chennai,Long,FMCG Cartons,21.6,2207.0,99183,2024-08-24,Speedway Logistics
SHP02660,Delhi,Chennai,Long,Packaged Foods,14.4,2161.3,66674,2024-09-01,Coromandel Carriers
SHP02661,Delhi,Chennai,Long,FMCG Cartons,9.5,2203.2,43743,2024-09-01,Shivam Freight Co
SHP02662,Delhi,Chennai,Long,Textiles,14.3,2217.9,68023,2024-08-26,Bharat Roadways
SHP02663,Delhi,Chennai,Long,Steel Coils,14.4,2188.0,66250,2024-09-01,Shivam Freight Co
SHP02664,Delhi,Chennai,Long,Packaged Foods,12.5,2153.6,56112,2024-09-08,Shivam Freight Co
SHP02665,Delhi,Chennai,Long,Textiles,9.4,2183.9,44100,2024-09-07,Om Sai Transport
SHP02666,Delhi,Chennai,Long,Auto Parts,9.2,2171.8,42355,2024-09-03,Om Sai Transport
SHP02667,Delhi,Chennai,Long,FMCG Cartons,17.4,2216.3,80496,2024-09-05,Coromandel Carriers
SHP02668,Delhi,Chennai,Long,Cement,14.4,2199.4,67440,2024-09-06,Speedway Logistics
SHP02669,Delhi,Chennai,Long,Auto Parts,16.8,2163.3,77926,2024-09-12,Om Sai Transport
SHP02670,Delhi,Chennai,Long,FMCG Cartons,20.1,2204.1,92708,2024-09-11,Trident Carriers
SHP02671,Delhi,Chennai,Long,Textiles,18.4,2150.2,85288,2024-09-15,Trident Carriers
SHP02672,Delhi,Chennai,Long,Steel Coils,14.8,2210.6,69063,2024-09-12,Shivam Freight Co
SHP02673,Delhi,Chennai,Long,Textiles,14.9,2188.0,68147,2024-09-15,Om Sai Transport
SHP02674,Delhi,Chennai,Long,Textiles,14.3,2209.9,66205,2024-09-17,Speedway Logistics
SHP02675,Delhi,Chennai,Long,Cement,21.8,2176.7,102271,2024-09-22,Coromandel Carriers
SHP02676,Delhi,Chennai,Long,Auto Parts,10.6,2217.5,51177,2024-09-19,Shivam Freight Co
SHP02677,Delhi,Chennai,Long,Textiles,10.3,2209.2,49384,2024-09-22,Bharat Roadways
SHP02678,Delhi,Chennai,Long,FMCG Cartons,10.0,2217.9,46851,2024-09-28,Shivam Freight Co
SHP02679,Delhi,Chennai,Long,Steel Coils,17.4,2198.5,81143,2024-09-27,Coromandel Carriers
SHP02680,Delhi,Chennai,Long,Steel Coils,17.1,2216.8,80576,2024-09-26,Speedway Logistics
SHP02681,Delhi,Chennai,Long,Cement,12.1,2193.2,55737,2024-09-23,Shivam Freight Co
SHP02682,Delhi,Chennai,Long,Textiles,18.2,2203.2,81537,2024-09-30,Om Sai Transport
SHP02683,Delhi,Chennai,Long,FMCG Cartons,9.6,2213.2,45051,2024-10-02,Shivam Freight Co
SHP02684,Delhi,Chennai,Long,Cement,12.2,2180.1,55119,2024-10-02,Coromandel Carriers
SHP02685,Delhi,Chennai,Long,Cement,17.1,2211.0,75115,2024-10-11,Trident Carriers
SHP02686,Delhi,Chennai,Long,Packaged Foods,12.3,2182.3,53376,2024-10-08,Bharat Roadways
SHP02687,Delhi,Chennai,Long,Steel Coils,11.1,2197.4,49052,2024-10-09,Shivam Freight Co
SHP02688,Delhi,Chennai,Long,Cement,14.5,2194.7,63260,2024-10-09,Shivam Freight Co
SHP02689,Delhi,Chennai,Long,FMCG Cartons,16.4,2166.6,78131,2024-10-14,Coromandel Carriers
SHP02690,Delhi,Chennai,Long,Textiles,17.6,2218.5,84316,2024-10-14,Trident Carriers
SHP02691,Delhi,Chennai,Long,FMCG Cartons,9.6,2202.1,46572,2024-10-20,Speedway Logistics
SHP02692,Delhi,Chennai,Long,Cement,16.9,2205.9,80884,2024-10-20,Coromandel Carriers
SHP02693,Delhi,Chennai,Long,Cement,18.8,2167.5,90633,2024-10-18,Coromandel Carriers
SHP02694,Delhi,Chennai,Long,Textiles,19.3,2152.8,88916,2024-10-26,Shivam Freight Co
SHP02695,Delhi,Chennai,Long,Cement,12.8,2156.3,61669,2024-10-22,Om Sai Transport
SHP02696,Delhi,Chennai,Long,FMCG Cartons,20.4,2205.1,98242,2024-10-22,Trident Carriers
SHP02697,Delhi,Chennai,Long,Auto Parts,21.6,2216.1,96391,2024-11-03,Shivam Freight Co
SHP02698,Delhi,Chennai,Long,Textiles,10.8,2217.4,50191,2024-10-31,Coromandel Carriers
SHP02699,Delhi,Chennai,Long,Auto Parts,21.6,2218.6,99486,2024-11-02,Shivam Freight Co
SHP02700,Delhi,Chennai,Long,Textiles,12.4,2177.6,53808,2024-11-03,Shivam Freight Co
SHP02701,Delhi,Chennai,Long,Auto Parts,13.8,2194.7,64922,2024-11-10,Speedway Logistics
SHP02702,Delhi,Chennai,Long,Textiles,16.3,2211.9,78387,2024-11-08,Om Sai Transport
SHP02703,Delhi,Chennai,Long,Packaged Foods,15.0,2194.5,70671,2024-11-04,Coromandel Carriers
SHP02704,Delhi,Chennai,Long,Auto Parts,21.3,2159.8,96443,2024-11-04,Speedway Logistics
SHP02705,Delhi,Chennai,Long,Textiles,14.9,2159.5,66090,2024-11-15,Coromandel Carriers
SHP02706,Delhi,Chennai,Long,Textiles,18.6,2179.3,80706,2024-11-15,Speedway Logistics
SHP02707,Delhi,Chennai,Long,Auto Parts,17.0,2208.4,78342,2024-11-11,Shivam Freight Co
SHP02708,Delhi,Chennai,Long,FMCG Cartons,20.1,2216.5,88212,2024-11-21,Coromandel Carriers
SHP02709,Delhi,Chennai,Long,Cement,17.4,2213.1,76063,2024-11-22,Shivam Freight Co
SHP02710,Delhi,Chennai,Long,Textiles,19.7,2216.4,86411,2024-11-18,Om Sai Transport
SHP02711,Delhi,Chennai,Long,Cement,9.3,2191.8,42065,2024-11-23,Om Sai Transport
SHP02712,Delhi,Chennai,Long,FMCG Cartons,16.6,2188.8,73711,2024-12-01,Om Sai Transport
SHP02713,Delhi,Chennai,Long,Cement,20.7,2160.3,86391,2024-12-01,Om Sai Transport
SHP02714,Delhi,Chennai,Long,Cement,11.3,2167.5,49243,2024-11-29,Bharat Roadways
SHP02715,Delhi,Chennai,Long,Cement,19.2,2175.1,83603,2024-11-25,Bharat Roadways
SHP02716,Delhi,Chennai,Long,FMCG Cartons,10.5,2179.5,44286,2024-12-07,Speedway Logistics
SHP02717,Delhi,Chennai,Long,Auto Parts,14.9,2191.6,63808,2024-12-06,Trident Carriers
SHP02718,Delhi,Chennai,Long,Textiles,20.3,2204.8,89057,2024-12-07,Speedway Logistics
SHP02719,Delhi,Chennai,Long,Auto Parts,15.2,2154.3,64688,2024-12-02,Coromandel Carriers
SHP02720,Delhi,Chennai,Long,Cement,10.1,2155.1,47179,2024-12-12,Bharat Roadways
SHP02721,Delhi,Chennai,Long,Steel Coils,16.6,2193.7,79420,2024-12-11,Speedway Logistics
SHP02722,Delhi,Chennai,Long,Auto Parts,15.6,2170.6,72616,2024-12-13,Coromandel Carriers
SHP02723,Delhi,Chennai,Long,Packaged Foods,20.4,2195.8,96763,2024-12-15,Om Sai Transport
SHP02724,Delhi,Chennai,Long,Packaged Foods,14.4,2212.2,69950,2024-12-12,Speedway Logistics
SHP02725,Delhi,Chennai,Long,Auto Parts,13.9,2196.6,61370,2024-12-18,Speedway Logistics
SHP02726,Delhi,Chennai,Long,FMCG Cartons,10.2,2208.2,45116,2024-12-16,Coromandel Carriers
SHP02727,Delhi,Chennai,Long,FMCG Cartons,9.8,2159.1,44625,2024-12-22,Trident Carriers
SHP02728,Delhi,Chennai,Long,Auto Parts,18.8,2196.6,87688,2024-12-29,Coromandel Carriers
SHP02729,Delhi,Chennai,Long,Cement,13.6,2192.0,62223,2024-12-25,Om Sai Transport
SHP02730,Delhi,Chennai,Long,FMCG Cartons,20.0,2183.8,89922,2024-12-28,Trident Carriers
SHP02731,Delhi,Chennai,Long,Steel Coils,14.6,2165.8,68747,2025-01-03,Trident Carriers
SHP02732,Delhi,Chennai,Long,FMCG Cartons,9.3,2195.0,45358,2025-01-04,Coromandel Carriers
SHP02733,Delhi,Chennai,Long,FMCG Cartons,18.1,2162.6,83819,2024-12-30,Shivam Freight Co
SHP02734,Delhi,Chennai,Long,Auto Parts,14.2,2189.6,61448,2025-01-07,Coromandel Carriers
SHP02735,Delhi,Chennai,Long,Cement,11.8,2202.2,52232,2025-01-06,Shivam Freight Co
SHP02736,Delhi,Chennai,Long,Auto Parts,13.2,2171.8,59434,2025-01-08,Trident Carriers
SHP02737,Delhi,Chennai,Long,Packaged Foods,17.8,2193.2,77519,2025-01-19,Coromandel Carriers
SHP02738,Delhi,Chennai,Long,Auto Parts,14.4,2192.5,62476,2025-01-16,Trident Carriers
SHP02739,Delhi,Chennai,Long,Steel Coils,12.7,2180.1,56337,2025-01-15,Speedway Logistics
SHP02740,Delhi,Chennai,Long,Cement,9.7,2218.9,41976,2025-01-23,Om Sai Transport
SHP02741,Delhi,Chennai,Long,Packaged Foods,13.3,2167.9,55556,2025-01-26,Coromandel Carriers
SHP02742,Delhi,Chennai,Long,Textiles,15.9,2159.0,67053,2025-01-21,Trident Carriers
SHP02743,Delhi,Chennai,Long,Auto Parts,14.2,2174.8,62205,2025-01-26,Speedway Logistics
SHP02744,Delhi,Chennai,Long,Packaged Foods,14.6,2171.9,69555,2025-02-02,Coromandel Carriers
SHP02745,Delhi,Chennai,Long,Packaged Foods,9.3,2158.1,43812,2025-01-29,Trident Carriers
SHP02746,Delhi,Chennai,Long,Cement,13.7,2198.3,66189,2025-02-02,Bharat Roadways
SHP02747,Delhi,Chennai,Long,Textiles,15.8,2191.2,75901,2025-01-30,Shivam Freight Co
SHP02748,Delhi,Chennai,Long,Auto Parts,19.1,2165.5,88929,2025-01-29,Coromandel Carriers
SHP02749,Delhi,Chennai,Long,Cement,21.5,2174.6,103864,2025-02-05,Om Sai Transport
SHP02750,Delhi,Chennai,Long,Auto Parts,11.6,2160.3,55527,2025-02-03,Coromandel Carriers
SHP02751,Delhi,Chennai,Long,Steel Coils,17.2,2216.6,83782,2025-02-04,Trident Carriers
SHP02752,Delhi,Chennai,Long,FMCG Cartons,20.5,2197.7,100071,2025-02-06,Trident Carriers
SHP02753,Delhi,Chennai,Long,Auto Parts,17.2,2182.8,76883,2025-02-10,Trident Carriers
SHP02754,Delhi,Chennai,Long,FMCG Cartons,13.0,2185.5,57000,2025-02-12,Bharat Roadways
SHP02755,Delhi,Chennai,Long,Steel Coils,17.4,2170.1,78150,2025-02-16,Bharat Roadways
SHP02756,Delhi,Chennai,Long,Auto Parts,15.0,2185.5,66175,2025-02-14,Coromandel Carriers
SHP02757,Delhi,Chennai,Long,Auto Parts,13.2,2195.6,63756,2025-02-21,Om Sai Transport
SHP02758,Delhi,Chennai,Long,Auto Parts,20.7,2157.2,97452,2025-02-20,Coromandel Carriers
SHP02759,Delhi,Chennai,Long,Steel Coils,9.5,2195.2,46516,2025-02-21,Speedway Logistics
SHP02760,Delhi,Chennai,Long,Packaged Foods,13.7,2192.7,67840,2025-02-21,Speedway Logistics
SHP02761,Delhi,Chennai,Long,FMCG Cartons,16.8,2173.7,81849,2025-02-23,Coromandel Carriers
SHP02762,Delhi,Chennai,Long,Steel Coils,12.7,2197.5,58180,2025-02-28,Coromandel Carriers
SHP02763,Delhi,Chennai,Long,FMCG Cartons,10.1,2160.5,45328,2025-03-02,Shivam Freight Co
SHP02764,Delhi,Chennai,Long,FMCG Cartons,14.1,2198.9,64142,2025-03-01,Bharat Roadways
SHP02765,Delhi,Chennai,Long,Textiles,17.7,2206.9,85090,2025-03-05,Coromandel Carriers
SHP02766,Delhi,Chennai,Long,FMCG Cartons,17.7,2156.5,81579,2025-03-07,Bharat Roadways
SHP02767,Delhi,Chennai,Long,Cement,11.8,2162.6,55976,2025-03-05,Speedway Logistics
SHP02768,Delhi,Chennai,Long,Steel Coils,11.0,2220.0,51526,2025-03-04,Bharat Roadways
SHP02769,Delhi,Chennai,Long,FMCG Cartons,18.6,2187.8,87065,2025-03-09,Coromandel Carriers
SHP02770,Delhi,Chennai,Long,Textiles,19.8,2161.4,92399,2025-03-11,Om Sai Transport
SHP02771,Delhi,Chennai,Long,Steel Coils,13.7,2153.1,63493,2025-03-13,Speedway Logistics
SHP02772,Delhi,Chennai,Long,FMCG Cartons,19.2,2202.7,88415,2025-03-12,Om Sai Transport
SHP02773,Delhi,Chennai,Long,Steel Coils,20.8,2204.9,95645,2025-03-16,Coromandel Carriers
SHP02774,Delhi,Chennai,Long,Cement,15.5,2204.5,71078,2025-03-19,Om Sai Transport
SHP02775,Delhi,Chennai,Long,FMCG Cartons,20.3,2192.3,90528,2025-03-23,Speedway Logistics
SHP02776,Delhi,Chennai,Long,FMCG Cartons,18.2,2215.4,84364,2025-03-21,Bharat Roadways
SHP02777,Delhi,Chennai,Long,Packaged Foods,12.5,2203.4,58973,2025-03-17,Om Sai Transport
SHP02778,Delhi,Chennai,Long,Auto Parts,11.9,2216.2,54967,2025-03-17,Shivam Freight Co
SHP02779,Delhi,Chennai,Long,Auto Parts,14.0,2176.2,59030,2025-03-28,Om Sai Transport
SHP02780,Delhi,Chennai,Long,Cement,19.9,2215.2,88399,2025-03-26,Om Sai Transport
SHP02781,Delhi,Chennai,Long,Textiles,19.8,2170.1,86400,2025-03-24,Om Sai Transport
SHP02782,Delhi,Chennai,Long,Cement,9.1,2181.4,38456,2025-03-27,Shivam Freight Co
SHP02783,Delhi,Chennai,Long,Auto Parts,21.2,2160.5,91624,2025-03-30,Speedway Logistics
SHP02784,Delhi,Chennai,Long,Auto Parts,14.5,2153.3,64624,2025-03-31,Speedway Logistics
SHP02785,Delhi,Chennai,Long,Steel Coils,15.5,2208.6,69777,2025-03-31,Coromandel Carriers
SHP02786,Delhi,Chennai,Long,FMCG Cartons,10.9,2166.9,47835,2025-04-04,Trident Carriers
SHP02787,Delhi,Chennai,Long,FMCG Cartons,11.4,2189.9,51288,2025-04-01,Trident Carriers
SHP02788,Delhi,Chennai,Long,Packaged Foods,21.8,2185.5,105839,2025-04-11,Speedway Logistics
SHP02789,Delhi,Chennai,Long,FMCG Cartons,21.8,2194.5,104365,2025-04-07,Bharat Roadways
SHP02790,Delhi,Chennai,Long,Steel Coils,12.1,2154.7,58274,2025-04-13,Bharat Roadways
SHP02791,Delhi,Chennai,Long,Packaged Foods,19.6,2188.2,84426,2025-04-16,Coromandel Carriers
SHP02792,Delhi,Chennai,Long,Packaged Foods,11.4,2183.5,48879,2025-04-19,Coromandel Carriers
SHP02793,Delhi,Chennai,Long,FMCG Cartons,9.6,2170.5,41078,2025-04-14,Bharat Roadways
SHP02794,Delhi,Chennai,Long,Auto Parts,21.9,2186.1,96364,2025-04-16,Shivam Freight Co
SHP02795,Delhi,Chennai,Long,FMCG Cartons,20.3,2204.7,90651,2025-04-27,Bharat Roadways
SHP02796,Delhi,Chennai,Long,FMCG Cartons,18.7,2212.3,86651,2025-04-24,Speedway Logistics
SHP02797,Delhi,Chennai,Long,FMCG Cartons,15.5,2184.7,71051,2025-04-22,Trident Carriers
SHP02798,Delhi,Chennai,Long,Steel Coils,14.5,2155.8,63693,2025-04-27,Om Sai Transport
SHP02799,Delhi,Chennai,Long,Packaged Foods,12.8,2173.0,56972,2025-04-28,Coromandel Carriers
SHP02800,Delhi,Chennai,Long,Steel Coils,13.6,2198.3,59749,2025-04-29,Shivam Freight Co
SHP02801,Delhi,Chennai,Long,Textiles,21.7,2169.2,99329,2025-05-01,Bharat Roadways
SHP02802,Delhi,Chennai,Long,Auto Parts,15.7,2178.4,71335,2025-05-03,Om Sai Transport
SHP02803,Delhi,Chennai,Long,FMCG Cartons,9.5,2204.7,44634,2025-05-10,Coromandel Carriers
SHP02804,Delhi,Chennai,Long,Packaged Foods,16.4,2176.8,78598,2025-05-07,Coromandel Carriers
SHP02805,Delhi,Chennai,Long,FMCG Cartons,18.9,2176.0,90378,2025-05-07,Trident Carriers
SHP02806,Delhi,Chennai,Long,Textiles,12.6,2172.0,61530,2025-05-08,Bharat Roadways
SHP02807,Delhi,Chennai,Long,Packaged Foods,10.5,2213.9,49616,2025-05-15,Coromandel Carriers
SHP02808,Delhi,Chennai,Long,Cement,12.7,2219.7,60672,2025-05-13,Speedway Logistics
SHP02809,Delhi,Chennai,Long,Packaged Foods,10.0,2159.5,44454,2025-05-12,Coromandel Carriers
SHP02810,Delhi,Chennai,Long,FMCG Cartons,21.6,2206.7,103006,2025-05-12,Coromandel Carriers
SHP02811,Delhi,Chennai,Long,Textiles,20.1,2212.4,95140,2025-05-21,Coromandel Carriers
SHP02812,Delhi,Chennai,Long,Cement,15.6,2205.6,71038,2025-05-20,Om Sai Transport
SHP02813,Delhi,Chennai,Long,Packaged Foods,9.3,2205.3,43468,2025-05-20,Shivam Freight Co
SHP02814,Delhi,Chennai,Long,Steel Coils,14.2,2154.6,65961,2025-05-26,Speedway Logistics
SHP02815,Delhi,Chennai,Long,Textiles,19.7,2203.8,90033,2025-05-29,Shivam Freight Co
SHP02816,Delhi,Chennai,Long,Textiles,17.8,2181.5,81869,2025-05-26,Trident Carriers
SHP02817,Delhi,Chennai,Long,Auto Parts,21.6,2162.7,99016,2025-05-30,Bharat Roadways
SHP02818,Delhi,Chennai,Long,FMCG Cartons,18.2,2172.6,80336,2025-06-03,Trident Carriers
SHP02819,Delhi,Chennai,Long,Cement,11.6,2155.5,52678,2025-06-08,Shivam Freight Co
SHP02820,Delhi,Chennai,Long,Steel Coils,15.9,2171.2,70803,2025-06-07,Om Sai Transport
SHP02821,Delhi,Chennai,Long,FMCG Cartons,17.6,2160.8,79018,2025-06-06,Trident Carriers
SHP02822,Delhi,Chennai,Long,Textiles,21.3,2155.7,101817,2025-06-09,Shivam Freight Co
SHP02823,Delhi,Chennai,Long,Textiles,14.4,2203.7,69818,2025-06-10,Speedway Logistics
SHP02824,Delhi,Chennai,Long,Packaged Foods,21.4,2170.3,101236,2025-06-13,Coromandel Carriers
SHP02825,Delhi,Chennai,Long,FMCG Cartons,14.7,2154.2,66067,2025-06-21,Om Sai Transport
SHP02826,Delhi,Chennai,Long,Packaged Foods,20.2,2160.1,90133,2025-06-20,Shivam Freight Co
SHP02827,Delhi,Chennai,Long,Packaged Foods,15.7,2203.2,70528,2025-06-17,Om Sai Transport
SHP02828,Delhi,Chennai,Long,Packaged Foods,12.2,2168.7,53916,2025-06-16,Shivam Freight Co
SHP02829,Delhi,Chennai,Long,FMCG Cartons,19.6,2213.2,90643,2025-06-29,Coromandel Carriers
SHP02830,Delhi,Chennai,Long,FMCG Cartons,15.5,2203.4,69616,2025-06-24,Speedway Logistics
SHP02831,Delhi,Chennai,Long,Cement,21.3,2151.6,93364,2025-06-26,Om Sai Transport
SHP02832,Delhi,Chennai,Long,Textiles,9.7,2174.7,42947,2025-06-27,Coromandel Carriers
SHP02833,Delhi,Chennai,Long,FMCG Cartons,9.1,2170.0,39269,2025-06-26,Om Sai Transport
SHP02834,Delhi,Chennai,Long,Steel Coils,9.7,2153.2,45417,2025-07-02,Shivam Freight Co
SHP02835,Delhi,Chennai,Long,Steel Coils,15.6,2155.1,73992,2025-07-02,Shivam Freight Co
SHP02836,Delhi,Chennai,Long,FMCG Cartons,10.7,2192.8,49602,2025-07-05,Shivam Freight Co
SHP02837,Delhi,Chennai,Long,Packaged Foods,18.8,2215.7,88616,2025-07-04,Trident Carriers
SHP02838,Delhi,Chennai,Long,Steel Coils,19.5,2200.0,85273,2025-07-08,Om Sai Transport
SHP02839,Delhi,Chennai,Long,Steel Coils,21.1,2159.8,89494,2025-07-11,Speedway Logistics
SHP02840,Delhi,Chennai,Long,Steel Coils,16.7,2209.0,73275,2025-07-12,Trident Carriers
SHP02841,Delhi,Chennai,Long,Packaged Foods,9.2,2183.2,42798,2025-07-16,Bharat Roadways
SHP02842,Delhi,Chennai,Long,Auto Parts,20.7,2171.5,98920,2025-07-18,Coromandel Carriers
SHP02843,Delhi,Chennai,Long,Steel Coils,21.6,2183.2,103234,2025-07-18,Trident Carriers
SHP02844,Delhi,Chennai,Long,Textiles,16.6,2200.5,77076,2025-07-15,Coromandel Carriers
SHP02845,Delhi,Chennai,Long,Auto Parts,13.9,2204.2,67225,2025-07-18,Om Sai Transport
SHP02846,Delhi,Chennai,Long,Steel Coils,11.0,2172.0,48864,2025-07-24,Speedway Logistics
SHP02847,Delhi,Chennai,Long,Auto Parts,15.1,2192.8,68353,2025-07-27,Coromandel Carriers
SHP02848,Delhi,Chennai,Long,Packaged Foods,11.7,2159.7,50559,2025-07-26,Coromandel Carriers
SHP02849,Delhi,Chennai,Long,Textiles,15.9,2182.2,71433,2025-07-29,Coromandel Carriers
SHP02850,Delhi,Chennai,Long,Cement,18.0,2195.0,81652,2025-08-02,Om Sai Transport
SHP02851,Delhi,Chennai,Long,FMCG Cartons,11.9,2189.1,55001,2025-07-30,Shivam Freight Co
SHP02852,Delhi,Chennai,Long,Steel Coils,18.2,2164.5,79990,2025-08-02,Shivam Freight Co
SHP02853,Delhi,Chennai,Long,Packaged Foods,12.7,2200.5,57629,2025-08-03,Trident Carriers
SHP02854,Delhi,Chennai,Long,Auto Parts,12.8,2206.3,60787,2025-08-10,Coromandel Carriers
SHP02855,Delhi,Chennai,Long,Cement,17.5,2214.7,85754,2025-08-06,Om Sai Transport
SHP02856,Delhi,Chennai,Long,Auto Parts,21.1,2187.7,101825,2025-08-10,Om Sai Transport
SHP02857,Delhi,Chennai,Long,Cement,12.1,2201.9,56522,2025-08-08,Trident Carriers
SHP02858,Delhi,Chennai,Long,Auto Parts,10.3,2166.3,48152,2025-08-09,Speedway Logistics
SHP02859,Delhi,Chennai,Long,Packaged Foods,11.1,2218.5,49089,2025-08-15,Speedway Logistics
SHP02860,Delhi,Chennai,Long,Auto Parts,21.5,2164.0,90917,2025-08-16,Coromandel Carriers
SHP02861,Delhi,Chennai,Long,Auto Parts,16.5,2156.3,70428,2025-08-17,Coromandel Carriers
SHP02862,Delhi,Chennai,Long,Packaged Foods,19.9,2179.3,87896,2025-08-12,Bharat Roadways
SHP02863,Delhi,Chennai,Long,FMCG Cartons,21.0,2217.3,96229,2025-08-23,Bharat Roadways
SHP02864,Delhi,Chennai,Long,Textiles,21.1,2192.2,92555,2025-08-22,Speedway Logistics
SHP02865,Delhi,Chennai,Long,Packaged Foods,20.6,2186.7,89038,2025-08-22,Trident Carriers
SHP02866,Delhi,Chennai,Long,Textiles,10.5,2163.5,44980,2025-08-20,Speedway Logistics
SHP02867,Delhi,Chennai,Long,Steel Coils,9.2,2200.3,40510,2025-08-20,Shivam Freight Co
SHP02868,Delhi,Chennai,Long,Auto Parts,14.3,2194.7,63066,2025-08-31,Shivam Freight Co
SHP02869,Delhi,Chennai,Long,Cement,11.4,2196.8,49454,2025-08-28,Shivam Freight Co
SHP02870,Delhi,Chennai,Long,FMCG Cartons,12.1,2168.3,53757,2025-08-25,Shivam Freight Co
SHP02871,Delhi,Chennai,Long,Cement,9.1,2200.6,40789,2025-08-29,Coromandel Carriers
SHP02872,Delhi,Chennai,Long,FMCG Cartons,14.3,2171.5,66533,2025-09-04,Coromandel Carriers
SHP02873,Delhi,Chennai,Long,Cement,20.9,2158.2,95442,2025-09-06,Trident Carriers
SHP02874,Delhi,Chennai,Long,FMCG Cartons,15.2,2217.0,71996,2025-09-02,Trident Carriers
SHP02875,Delhi,Chennai,Long,Textiles,19.4,2203.0,93721,2025-09-11,Om Sai Transport
SHP02876,Delhi,Chennai,Long,Textiles,19.2,2191.7,90649,2025-09-14,Trident Carriers
SHP02877,Delhi,Chennai,Long,Steel Coils,16.3,2155.5,73584,2025-09-10,Trident Carriers
SHP02878,Delhi,Chennai,Long,Packaged Foods,10.9,2190.1,50817,2025-09-09,Trident Carriers
SHP02879,Delhi,Chennai,Long,Packaged Foods,18.3,2197.6,86442,2025-09-08,Trident Carriers
SHP02880,Delhi,Chennai,Long,FMCG Cartons,16.3,2179.1,74435,2025-09-19,Coromandel Carriers
SHP02881,Delhi,Chennai,Long,Steel Coils,12.3,2151.5,53615,2025-09-20,Om Sai Transport
SHP02882,Delhi,Chennai,Long,Auto Parts,13.5,2153.2,59113,2025-09-15,Bharat Roadways
SHP02883,Delhi,Chennai,Long,Textiles,10.8,2162.6,46685,2025-09-25,Coromandel Carriers
SHP02884,Delhi,Chennai,Long,Packaged Foods,20.6,2176.2,88578,2025-09-25,Speedway Logistics
SHP02885,Delhi,Chennai,Long,FMCG Cartons,17.6,2197.8,76847,2025-09-22,Coromandel Carriers
SHP02886,Delhi,Chennai,Long,Cement,16.0,2162.5,68696,2025-09-22,Coromandel Carriers
SHP02887,Delhi,Chennai,Long,Textiles,9.3,2150.2,39154,2025-09-28,Coromandel Carriers
SHP02888,Delhi,Chennai,Long,Textiles,15.0,2166.1,67076,2025-10-05,Om Sai Transport
SHP02889,Delhi,Chennai,Long,Cement,19.5,2157.9,88275,2025-10-05,Bharat Roadways
SHP02890,Delhi,Chennai,Long,Textiles,16.7,2154.7,75611,2025-09-30,Coromandel Carriers
SHP02891,Delhi,Chennai,Long,Steel Coils,18.6,2153.4,83939,2025-10-05,Om Sai Transport
SHP02892,Delhi,Chennai,Long,Cement,19.1,2202.8,86778,2025-09-30,Shivam Freight Co
SHP02893,Delhi,Chennai,Long,Textiles,13.2,2197.1,60739,2025-10-12,Om Sai Transport
SHP02894,Delhi,Chennai,Long,Textiles,12.9,2165.5,57649,2025-10-10,Trident Carriers
SHP02895,Delhi,Chennai,Long,Textiles,14.6,2193.8,67869,2025-10-07,Shivam Freight Co
SHP02896,Delhi,Chennai,Long,Cement,15.8,2176.7,73753,2025-10-11,Speedway Logistics
SHP02897,Delhi,Chennai,Long,Cement,12.1,2187.7,53863,2025-10-19,Coromandel Carriers
SHP02898,Delhi,Chennai,Long,Steel Coils,9.7,2182.4,43567,2025-10-19,Speedway Logistics
SHP02899,Delhi,Chennai,Long,Auto Parts,12.2,2159.4,53534,2025-10-17,Coromandel Carriers
SHP02900,Delhi,Chennai,Long,Auto Parts,10.2,2209.3,47250,2025-10-16,Om Sai Transport
SHP02901,Delhi,Chennai,Long,Textiles,20.4,2192.2,90798,2025-10-24,Trident Carriers
SHP02902,Delhi,Chennai,Long,FMCG Cartons,15.2,2189.1,70372,2025-10-25,Shivam Freight Co
SHP02903,Delhi,Chennai,Long,Packaged Foods,11.5,2164.8,52256,2025-10-20,Coromandel Carriers
SHP02904,Delhi,Chennai,Long,Steel Coils,18.1,2198.7,81830,2025-10-21,Om Sai Transport
SHP02905,Delhi,Chennai,Long,Steel Coils,17.4,2182.6,81442,2025-10-30,Shivam Freight Co
SHP02906,Delhi,Chennai,Long,Cement,19.4,2182.6,93085,2025-10-30,Shivam Freight Co
SHP02907,Delhi,Chennai,Long,Cement,9.6,2171.9,46221,2025-10-29,Coromandel Carriers
SHP02908,Delhi,Chennai,Long,FMCG Cartons,21.2,2168.3,100198,2025-10-27,Speedway Logistics
SHP02909,Delhi,Chennai,Long,Textiles,19.8,2176.6,87200,2025-11-04,Coromandel Carriers
SHP02910,Delhi,Chennai,Long,Textiles,19.7,2168.0,88839,2025-11-05,Coromandel Carriers
SHP02911,Delhi,Chennai,Long,Textiles,18.5,2182.3,80967,2025-11-06,Om Sai Transport
SHP02912,Delhi,Chennai,Long,Auto Parts,20.9,2184.2,92603,2025-11-07,Coromandel Carriers
SHP02913,Delhi,Chennai,Long,Cement,17.7,2216.2,87088,2025-11-10,Speedway Logistics
SHP02914,Delhi,Chennai,Long,Steel Coils,9.9,2194.1,46477,2025-11-16,Om Sai Transport
SHP02915,Delhi,Chennai,Long,Packaged Foods,17.0,2176.1,81657,2025-11-13,Trident Carriers
SHP02916,Delhi,Chennai,Long,Steel Coils,9.2,2188.6,39897,2025-11-21,Shivam Freight Co
SHP02917,Delhi,Chennai,Long,Auto Parts,19.6,2151.2,84269,2025-11-19,Om Sai Transport
SHP02918,Delhi,Chennai,Long,FMCG Cartons,12.1,2186.7,52711,2025-11-17,Shivam Freight Co
SHP02919,Delhi,Chennai,Long,Steel Coils,10.0,2205.6,44828,2025-11-19,Speedway Logistics
SHP02920,Delhi,Chennai,Long,Textiles,11.9,2219.3,52814,2025-11-18,Bharat Roadways
SHP02921,Delhi,Chennai,Long,Cement,15.2,2176.4,66624,2025-11-27,Coromandel Carriers
SHP02922,Delhi,Chennai,Long,Auto Parts,14.6,2185.0,64812,2025-11-24,Trident Carriers
SHP02923,Delhi,Chennai,Long,Steel Coils,12.0,2214.3,54356,2025-11-28,Coromandel Carriers
SHP02924,Delhi,Chennai,Long,Auto Parts,12.6,2197.9,56705,2025-12-01,Coromandel Carriers
SHP02925,Delhi,Chennai,Long,Cement,13.1,2215.0,60902,2025-12-02,Trident Carriers
SHP02926,Delhi,Chennai,Long,Cement,19.7,2207.4,91097,2025-12-07,Shivam Freight Co
SHP02927,Delhi,Chennai,Long,FMCG Cartons,19.9,2166.8,87478,2025-12-05,Trident Carriers
SHP02928,Delhi,Chennai,Long,Auto Parts,10.8,2202.9,50013,2025-12-04,Coromandel Carriers
SHP02929,Delhi,Chennai,Long,Steel Coils,10.0,2166.3,43328,2025-12-11,Trident Carriers
SHP02930,Delhi,Chennai,Long,Packaged Foods,13.2,2217.8,58653,2025-12-11,Speedway Logistics
SHP02931,Delhi,Chennai,Long,Steel Coils,21.2,2174.9,91266,2025-12-09,Coromandel Carriers
SHP02932,Delhi,Chennai,Long,Textiles,19.0,2176.6,81186,2025-12-13,Om Sai Transport
SHP02933,Delhi,Chennai,Long,FMCG Cartons,19.2,2176.6,81630,2025-12-16,Speedway Logistics
SHP02934,Delhi,Chennai,Long,FMCG Cartons,9.1,2157.5,38711,2025-12-17,Shivam Freight Co
SHP02935,Delhi,Chennai,Long,Steel Coils,11.4,2159.3,48950,2025-12-15,Trident Carriers
SHP02936,Delhi,Chennai,Long,Packaged Foods,10.2,2174.8,44628,2025-12-22,Shivam Freight Co
SHP02937,Delhi,Chennai,Long,Cement,14.0,2170.4,59258,2025-12-22,Trident Carriers
SHP02938,Delhi,Chennai,Long,FMCG Cartons,17.9,2186.5,76726,2025-12-26,Shivam Freight Co
SHP02939,Delhi,Chennai,Long,FMCG Cartons,9.8,2184.5,42649,2025-12-24,Speedway Logistics
SHP02940,Delhi,Chennai,Long,Textiles,13.7,2204.8,62023,2025-12-25,Coromandel Carriers
